timestamp,​0x6Bafe9aFe3D5fecb59262177b05F3C341EC5Ee59,​0xc94Ca9E4aa6512e2c7a17A3a074A8088a3f2e3B9,​0x36E84de80C6A890956985d497c39EA41a2f4eedC,​0xA0a27f98Db34308b3bcC42C7049554DfA4EE0456,​0x6822Ce6FA3CFBb6Fcfe2c571b774Db394f4d5bb1,​0xc266aAD845b59840206D77Dcf2Bb5571d10EF41c,​0xCfB1f3e24f79A558525979270EEf3A3f7d2D6c32,​0xCD2c84E26D6089c25e630c07EaE72bA777C0a567,​0x73cf2c29D81671774F455203009b03479DfbA225,​0xA81A8c1f6388B7e8174d636309674eACb82174AD,​0x8f0E4b72023D88C04d2d3970E2AAF3b387E86DfA,​0x98AE750Ef2516Ad34116392DddD341E740f0952e,​0xDf6979605aDe2B8971C2c95E90E2eA1090f244B7,​0x0941F6222A5E14109331fF419BDd9c1C8EB8450A,​0x86Eab21B722Da0b5161aB2aC3770AFB84A13151F,​0xC432fCdcE41F1193dCa80B9D408472aC98dFc3Ef,​0x4Fc89A06893A74c639050cbE2Da5B811Dba43655,​0xDC391a5dbB89a3F768c41Cfa0e85dcaAF3A91f91,​0xA334e40C9A9d5a82dA7a8EF4d2f2406E8CE3A45F,​0x327311e63992807A180fc8Da8b91317511B65965,​0xBa1944E09fc159e70FDBc3cB7634b211efB4B0ce,​0xDCfEe8b36C1FE396D6c1eB291fC8b37E4691F012,​0x1702d65F02de2EeD163EAf42189BCC98381b801e,​0xf9F99f982f3Ea9020f0A0afd4D4679dFEe1B63cf,​0x0e873a31f9189f803d0feeB5a67BcCe48cDfa8f9,​0xd3565232973c12055bdEdF4fd6Ce8DF8602C8Ee2,​0x2acF43160d1e42E640BB3b794c2d267AF876E45c,​0x5E2c8350Fd254d4CDD2758aa681BEdEe08A09275,​0x1d357826029cE9C99351224db29415cA0cbb327E,​0x4B70Db1a93E833A7A464a35191da978B5f976616,​0xC91F18c88B0A199737c96F4800dbc293B3915c0C,​0xf953a9Bb8987C6DC61fe9dcF5Fb315C7f5B0057e,Other
1548086260000,,,,,,,,,,,,,,,,,,,,,,,,,,,,,,,,,
1548096260000,,,,,,,,,,,,,,,,,,,,,,,,,,,,,,,,,
1548106260000,,,,,,,,,,,,,,,,,,,,,,,,,,,,,,,,,
1548116260000,,,,,,,,,,,,,,,,,,,,,,,,,,,,,,,,,
1548126260000,,,,,,,,,,,,,,,,,,,,,,,,,,,,,,,,,
1548136260000,,,,,,,,,,,,,,,,,,,,,,,,,,,,,,,,,
1548146260000,,,,,,,,,,,,,,,,,,,,,,,,,,,,,,,,,
1548156260000,,,,,,,,,,,,,,,,,,,,,,,,,,,,,,,,,
1548166260000,,,,,,,,,,,,,,,,,,,,,,,,,,,,,,,,,
1548176260000,,,,,,,,,,,,,,,,,,,,,,,,,,,,,,,,,
1548186260000,,,,,,,,,,,,,,,,,,,,,,,,,,,,,,,,,
1548196260000,,,,,,,,,,,,,,,,,,,,,,,,,,,,,,,,,
1548206260000,,,,,,,,,,,,,,,,,,,,,,,,,,,,,,,,,
1548216260000,,,,,,,,,,,,,,,,,,,,,,,,,,,,,,,,,
1548226260000,,,,,,,,,,,,,,,,,,,,,,,,,,,,,,,,,
1548236260000,,,,,,,,,,,,,,,,,,,,,,,,,,,,,,,,,
1548246260000,,,,,,,,,,,,,,,,,,,,,,,,,,,,,,,,,
1548256260000,,,,,,,,,,,,,,,,,,,,,,,,,,,,,,,,,
1548266260000,,,,,,,,,,,,,,,,,,,,,,,,,,,,,,,,,
1548276260000,,,,,,,,,,,,,,,,,,,,,,,,,,,,,,,,,
1548286260000,,,,,,,,,,,,,,,,,,,,,,,,,,,,,,,,,
1548296270000,,,,,,,,,,,,,,,,,,,,,,,,,,,,,,,,,
1548306270000,,,,,,,,,,,,,,,,,,,,,,,,,,,,,,,,,
1548316270000,,,,,,,,,,,,,,,,,,,,,,,,,,,,,,,,,
1548326270000,,,,,,,,,,,,,,,,,,,,,,,,,,,,,,,,,
1548336270000,,,,,,,,,,,,,,,,,,,,,,,,,,,,,,,,,
1548346270000,,,,,,,,,,,,,,,,,,,,,,,,,,,,,,,,,
1548356270000,,,,,,,,,,,,,,,,,,,,,,,,,,,,,,,,,
1548366290000,,,,,,,,,,,,,,,,,,,,,,,,,,,,,,,,,
1548376290000,,,,,,,,,,,,,,,,,,,,,,,,,,,,,,,,,
1548386290000,,,,,,,,,,,,,,,,,,,,,,,,,,,,,,,,,
1548396290000,,,,,,,,,,,,,,,,,,,,,,,,,,,,,,,,,
1548406290000,,,,,,,,,,,,,,,,,,,,,,,,,,,,,,,,,
1548416290000,,,,,,,,,,,,,,,,,,,,,,,,,,,,,,,,,
1548426290000,,,,,,,,,,,,,,,,,,,,,,,,,,,,,,,,,
1548436290000,,,,,,,,,,,,,,,,,,,,,,,,,,,,,,,,,
1548446290000,,,,,,,,,,,,,,,,,,,,,,,,,,,,,,,,,
1548456290000,,,,,,,,,,,,,,,,,,,,,,,,,,,,,,,,,
1548466290000,,,,,,,,,,,,,,,,,,,,,,,,,,,,,,,,,
1548476290000,,,,,,,,,,,,,,,,,,,,,,,,,,,,,,,,,
1548486300000,,,,,,,,,,,,,,,,,,,,,,,,,,,,,,,,,
1548496300000,,,,,,,,,,,,,,,,,,,,,,,,,,,,,,,,,
1548506300000,,,,,,,,,,,,,,,,,,,,,,,,,,,,,,,,,
1548516310000,,,,,,,,,,,,,,,,,,,,,,,,,,,,,,,,,
1548526310000,,,,,,,,,,,,,,,,,,,,,,,,,,,,,,,,,
1548536310000,,,,,,,,,,,,,,,,,,,,,,,,,,,,,,,,,
1548546310000,,,,,,,,,,,,,,,,,,,,,,,,,,,,,,,,,
1548556320000,,,,,,,,,,,,,,,,,,,,,,,,,,,,,,,,,
1548566320000,,,,,,,,,,,,,,,,,,,,,,,,,,,,,,,,,
1548576320000,,,,,,,,,,,,,,,,,,,,,,,,,,,,,,,,,
1548586320000,,,,,,,,,,,,,,,,,,,,,,,,,,,,,,,,,
1548596320000,,,,,,,,,,,,,,,,,,,,,,,,,,,,,,,,,
1548606320000,,,,,,,,,,,,,,,,,,,,,,,,,,,,,,,,,
1548616320000,,,,,,,,,,,,,,,,,,,,,,,,,,,,,,,,,
1548626320000,,,,,,,,,,,,,,,,,,,,,,,,,,,,,,,,,
1548636320000,,,,,,,,,,,,,,,,,,,,,,,,,,,,,,,,,
1548646320000,,,,,,,,,,,,,,,,,,,,,,,,,,,,,,,,,
1548656340000,,,,,,,,,,,,,,,,,,,,,,,,,,,,,,,,,
1548666340000,,,,,,,,,,,,,,,,,,,,,,,,,,,,,,,,,
1548676340000,,,,,,,,,,,,,,,,,,,,,,,,,,,,,,,,,
1548686340000,,,,,,,,,,,,,,,,,,,,,,,,,,,,,,,,,
1548696340000,,,,,,,,,,,,,,,,,,,,,,,,,,,,,,,,,
1548706340000,,,,,,,,,,,,,,,,,,,,,,,,,,,,,,,,,
1548716340000,,,,,,,,,,,,,,,,,,,,,,,,,,,,,,,,,
1548726340000,,,,,,,,,,,,,,,,,,,,,,,,,,,,,,,,,
1548736340000,,,,,,,,,,,,,,,,,,,,,,,,,,,,,,,,,
1548746340000,,,,,,,,,,,,,,,,,,,,,,,,,,,,,,,,,
1548756340000,,,,,,,,,,,,,,,,,,,,,,,,,,,,,,,,,
1548766350000,,,,,,,,,,,,,,,,,,,,,,,,,,,,,,,,,
1548776350000,,,,,,,,,,,,,,,,,,,,,,,,,,,,,,,,,
1548786350000,,,,,,,,,,,,,,,,,,,,,,,,,,,,,,,,,
1548796350000,,,,,,,,,,,,,,,,,,,,,,,,,,,,,,,,,
1548806350000,,,,,,,,,,,,,,,,,,,,,,,,,,,,,,,,,
1548816350000,,,,,,,,,,,,,,,,,,,,,,,,,,,,,,,,,
1548826350000,,,,,,,,,,,,,,,,,,,,,,,,,,,,,,,,,
1548836350000,,,,,,,,,,,,,,,,,,,,,,,,,,,,,,,,,
1548846350000,,,,,,,,,,,,,,,,,,,,,,,,,,,,,,,,,
1548856370000,,,,,,,,,,,,,,,,,,,,,,,,,,,,,,,,,
1548866370000,,,,,,,,,,,,,,,,,,,,,,,,,,,,,,,,,
1548876370000,,,,,,,,,,,,,,,,,,,,,,,,,,,,,,,,,
1548886370000,,,,,,,,,,,,,,,,,,,,,,,,,,,,,,,,,
1548896380000,,,,,,,,,,,,,,,,,,,,,,,,,,,,,,,,,
1548906390000,,,,,,,,,,,,,,,,,,,,,,,,,,,,,,,,,
1548916410000,,,,,,,,,,,,,,,,,,,,,,,,,,,,,,,,,
1548926450000,,,,,,,,,,,,,,,,,,,,,,,,,,,,,,,,,
1548936490000,,,,,,,,,,,,,,,,,,,,,,,,,,,,,,,,,
1548946550000,,,,,,,,,,,,,,,,,,,,,,,,,,,,,,,,,
1548956620000,,,,,,,,,,,,,,,,,,,,,,,,,,,,,,,,,
1548966710000,,,,,,,,,,,,,,,,,,,,,,,,,,,,,,,,,
1548976740000,,,,,,,,,,,,,,,,,,,,,,,,,,,,,,,,,
1548986770000,,,,,,,,,,,,,,,,,,,,,,,,,,,,,,,,,
1548996900000,,,,,,,,,,,,,,,,,,,,,,,,,,,,,,,,,
1549006930000,,,,,,,,,,,,,,,,,,,,,,,,,,,,,,,,,
1549017020000,,,,,,,,,,,,,,,,,,,,,,,,,,,,,,,,,
1549027100000,,,,,,,,,,,,,,,,,,,,,,,,,,,,,,,,,
1549037280000,,,,,,,,,,,,,,,,,,,,,,,,,,,,,,,,,
1549047390000,,,,,,,,,,,,,,,,,,,,,,,,,,,,,,,,,
1549057480000,,,,,,,,,,,,,,,,,,,,,,,,,,,,,,,,,
1549067600000,,,,,,,,,,,,,,,,,,,,,,,,,,,,,,,,,
1549077780000,,,,,,,,,,,,,,,,,,,,,,,,,,,,,,,,,
1549087950000,,,,,,,,,,,,,,,,,,,,,,,,,,,,,,,,,
1549098140000,,,,,,,,,,,,,,,,,,,,,,,,,,,,,,,,,
1549108270000,,,,,,,,,,,,,,,,,,,,,,,,,,,,,,,,,
1549118460000,,,,,,,,,,,,,,,,,,,,,,,,,,,,,,,,,
1549128610000,,,,,,,,,,,,,,,,,,,,,,,,,,,,,,,,,
1549138840000,,,,,,,,,,,,,,,,,,,,,,,,,,,,,,,,,
1549148920000,,,,,,,,,,,,,,,,,,,,,,,,,,,,,,,,,
1549159030000,,,,,,,,,,,,,,,,,,,,,,,,,,,,,,,,,
1549169280000,,,,,,,,,,,,,,,,,,,,,,,,,,,,,,,,,
1549179440000,,,,,,,,,,,,,,,,,,,,,,,,,,,,,,,,,
1549189660000,,,,,,,,,,,,,,,,,,,,,,,,,,,,,,,,,
1549199900000,,,,,,,,,,,,,,,,,,,,,,,,,,,,,,,,,
1549210090000,,,,,,,,,,,,,,,,,,,,,,,,,,,,,,,,,
1549220280000,,,,,,,,,,,,,,,,,,,,,,,,,,,,,,,,,
1549230580000,,,,,,,,,,,,,,,,,,,,,,,,,,,,,,,,,
1549240810000,,,,,,,,,,,,,,,,,,,,,,,,,,,,,,,,,
1549251000000,,,,,,,,,,,,,,,,,,,,,,,,,,,,,,,,,
1549261270000,,,,,,,,,,,,,,,,,,,,,,,,,,,,,,,,,
1549271490000,,,,,,,,,,,,,,,,,,,,,,,,,,,,,,,,,
1549281700000,,,,,,,,,,,,,,,,,,,,,,,,,,,,,,,,,
1549291940000,,,,,,,,,,,,,,,,,,,,,,,,,,,,,,,,,
1549302170000,,,,,,,,,,,,,,,,,,,,,,,,,,,,,,,,,
1549312400000,,,,,,,,,,,,,,,,,,,,,,,,,,,,,,,,,
1549322640000,,,,,,,,,,,,,,,,,,,,,,,,,,,,,,,,,
1549332720000,,,,,,,,,,,,,,,,,,,,,,,,,,,,,,,,,
1549342890000,,,,,,,,,,,,,,,,,,,,,,,,,,,,,,,,,
1549353060000,,,,,,,,,,,,,,,,,,,,,,,,,,,,,,,,,
1549363320000,,,,,,,,,,,,,,,,,,,,,,,,,,,,,,,,,
1549373570000,,,,,,,,,,,,,,,,,,,,,,,,,,,,,,,,,
1549383870000,,,,,,,,,,,,,,,,,,,,,,,,,,,,,,,,,
1549394020000,,,,,,,,,,,,,,,,,,,,,,,,,,,,,,,,,
1549404200000,,,,,,,,,,,,,,,,,,,,,,,,,,,,,,,,,
1549414350000,,,,,,,,,,,,,,,,,,,,,,,,,,,,,,,,,
1549424540000,,,,,,,,,,,,,,,,,,,,,,,,,,,,,,,,,
1549434700000,,,,,,,,,,,,,,,,,,,,,,,,,,,,,,,,,
1549444910000,,,,,,,,,,,,,,,,,,,,,,,,,,,,,,,,,
1549455130000,,,,,,,,,,,,,,,,,,,,,,,,,,,,,,,,,
1549465350000,,,,,,,,,,,,,,,,,,,,,,,,,,,,,,,,,
1549475570000,,,,,,,,,,,,,,,,,,,,,,,,,,,,,,,,,
1549485810000,,,,,,,,,,,,,,,,,,,,,,,,,,,,,,,,,
1549496040000,,,,,,,,,,,,,,,,,,,,,,,,,,,,,,,,,
1549506310000,,,,,,,,,,,,,,,,,,,,,,,,,,,,,,,,,
1549516480000,,,,,,,,,,,,,,,,,,,,,,,,,,,,,,,,,
1549526750000,,,,,,,,,,,,,,,,,,,,,,,,,,,,,,,,,
1549537000000,,,,,,,,,,,,,,,,,,,,,,,,,,,,,,,,,
1549547250000,,,,,,,,,,,,,,,,,,,,,,,,,,,,,,,,,
1549557350000,,,,,,,,,,,,,,,,,,,,,,,,,,,,,,,,,
1549567510000,,,,,,,,,,,,,,,,,,,,,,,,,,,,,,,,,
1549577730000,,,,,,,,,,,,,,,,,,,,,,,,,,,,,,,,,
1549587870000,,,,,,,,,,,,,,,,,,,,,,,,,,,,,,,,,
1549598050000,,,,,,,,,,,,,,,,,,,,,,,,,,,,,,,,,
1549608290000,,,,,,,,,,,,,,,,,,,,,,,,,,,,,,,,,
1549618470000,,,,,,,,,,,,,,,,,,,,,,,,,,,,,,,,,
1549628650000,,,,,,,,,,,,,,,,,,,,,,,,,,,,,,,,,
1549638860000,,,,,,,,,,,,,,,,,,,,,,,,,,,,,,,,,
1549649080000,,,,,,,,,,,,,,,,,,,,,,,,,,,,,,,,,
1549659370000,,,,,,,,,,,,,,,,,,,,,,,,,,,,,,,,,
1549669550000,,,,,,,,,,,,,,,,,,,,,,,,,,,,,,,,,
1549679780000,,,,,,,,,,,,,,,,,,,,,,,,,,,,,,,,,
1549690000000,,,,,,,,,,,,,,,,,,,,,,,,,,,,,,,,,
1549700210000,,,,,,,,,,,,,,,,,,,,,,,,,,,,,,,,,
1549710420000,,,,,,,,,,,,,,,,,,,,,,,,,,,,,,,,,
1549720690000,,,,,,,,,,,,,,,,,,,,,,,,,,,,,,,,,
1549730910000,,,,,,,,,,,,,,,,,,,,,,,,,,,,,,,,,
1549741200000,,,,,,,,,,,,,,,,,,,,,,,,,,,,,,,,,
1549751420000,,,,,,,,,,,,,,,,,,,,,,,,,,,,,,,,,
1549761670000,,,,,,,,,,,,,,,,,,,,,,,,,,,,,,,,,
1549771980000,,,,,,,,,,,,,,,,,,,,,,,,,,,,,,,,,
1549782080000,,,,,,,,,,,,,,,,,,,,,,,,,,,,,,,,,
1549792150000,,,,,,,,,,,,,,,,,,,,,,,,,,,,,,,,,
1549802370000,,,,,,,,,,,,,,,,,,,,,,,,,,,,,,,,,
1549812570000,,,,,,,,,,,,,,,,,,,,,,,,,,,,,,,,,
1549822730000,,,,,,,,,,,,,,,,,,,,,,,,,,,,,,,,,
1549832880000,,,,,,,,,,,,,,,,,,,,,,,,,,,,,,,,,
1549842990000,,,,,,,,,,,,,,,,,,,,,,,,,,,,,,,,,
1549853090000,,,,,,,,,,,,,,,,,,,,,,,,,,,,,,,,,
1549863180000,,,,,,,,,,,,,,,,,,,,,,,,,,,,,,,,,
1549873350000,,,,,,,,,,,,,,,,,,,,,,,,,,,,,,,,,
1549883480000,,,,,,,,,,,,,,,,,,,,,,,,,,,,,,,,,
1549893540000,,,,,,,,,,,,,,,,,,,,,,,,,,,,,,,,,
1549903610000,,,,,,,,,,,,,,,,,,,,,,,,,,,,,,,,,
1549913750000,,,,,,,,,,,,,,,,,,,,,,,,,,,,,,,,,
1549923870000,,,,,,,,,,,,,,,,,,,,,,,,,,,,,,,,,
1549933950000,,,,,,,,,,,,,,,,,,,,,,,,,,,,,,,,,
1549944070000,,,,,,,,,,,,,,,,,,,,,,,,,,,,,,,,,
1549954170000,,,,,,,,,,,,,,,,,,,,,,,,,,,,,,,,,
1549964260000,,,,,,,,,,,,,,,,,,,,,,,,,,,,,,,,,
1549974390000,,,,,,,,,,,,,,,,,,,,,,,,,,,,,,,,,
1549984510000,,,,,,,,,,,,,,,,,,,,,,,,,,,,,,,,,
1549994670000,,,,,,,,,,,,,,,,,,,,,,,,,,,,,,,,,
1550004820000,,,,,,,,,,,,,,,,,,,,,,,,,,,,,,,,,
1550014940000,,,,,,,,,,,,,,,,,,,,,,,,,,,,,,,,,
1550025040000,,,,,,,,,,,,,,,,,,,,,,,,,,,,,,,,,
1550035180000,,,,,,,,,,,,,,,,,,,,,,,,,,,,,,,,,
1550045270000,,,,,,,,,,,,,,,,,,,,,,,,,,,,,,,,,
1550055340000,,,,,,,,,,,,,,,,,,,,,,,,,,,,,,,,,
1550065340000,,,,,,,,,,,,,,,,,,,,,,,,,,,,,,,,,
1550075340000,,,,,,,,,,,,,,,,,,,,,,,,,,,,,,,,,
1550085340000,,,,,,,,,,,,,,,,,,,,,,,,,,,,,,,,,
1550095340000,,,,,,,,,,,,,,,,,,,,,,,,,,,,,,,,,
1550105340000,,,,,,,,,,,,,,,,,,,,,,,,,,,,,,,,,
1550115340000,,,,,,,,,,,,,,,,,,,,,,,,,,,,,,,,,
1550125340000,,,,,,,,,,,,,,,,,,,,,,,,,,,,,,,,,
1550135340000,,,,,,,,,,,,,,,,,,,,,,,,,,,,,,,,,
1550145340000,,,,,,,,,,,,,,,,,,,,,,,,,,,,,,,,,
1550155340000,,,,,,,,,,,,,,,,,,,,,,,,,,,,,,,,,
1550165350000,,,,,,,,,,,,,,,,,,,,,,,,,,,,,,,,,
1550175350000,,,,,,,,,,,,,,,,,,,,,,,,,,,,,,,,,
1550185350000,,,,,,,,,,,,,,,,,,,,,,,,,,,,,,,,,
1550195360000,,,,,,,,,,,,,,,,,,,,,,,,,,,,,,,,,
1550205370000,,,,,,,,,,,,,,,,,,,,,,,,,,,,,,,,,
1550215380000,,,,,,,,,,,,,,,,,,,,,,,,,,,,,,,,,
1550225380000,,,,,,,,,,,,,,,,,,,,,,,,,,,,,,,,,
1550235380000,,,,,,,,,,,,,,,,,,,,,,,,,,,,,,,,,
1550245390000,,,,,,,,,,,,,,,,,,,,,,,,,,,,,,,,,
1550255400000,,,,,,,,,,,,,,,,,,,,,,,,,,,,,,,,,
1550265400000,,,,,,,,,,,,,,,,,,,,,,,,,,,,,,,,,
1550275400000,,,,,,,,,,,,,,,,,,,,,,,,,,,,,,,,,
1550285400000,,,,,,,,,,,,,,,,,,,,,,,,,,,,,,,,,
1550295400000,,,,,,,,,,,,,,,,,,,,,,,,,,,,,,,,,
1550305400000,,,,,,,,,,,,,,,,,,,,,,,,,,,,,,,,,
1550315400000,,,,,,,,,,,,,,,,,,,,,,,,,,,,,,,,,
1550325400000,,,,,,,,,,,,,,,,,,,,,,,,,,,,,,,,,
1550335400000,,,,,,,,,,,,,,,,,,,,,,,,,,,,,,,,,
1550345400000,,,,,,,,,,,,,,,,,,,,,,,,,,,,,,,,,
1550355400000,,,,,,,,,,,,,,,,,,,,,,,,,,,,,,,,,
1550365400000,,,,,,,,,,,,,,,,,,,,,,,,,,,,,,,,,
1550375410000,,,,,,,,,,,,,,,,,,,,,,,,,,,,,,,,,
1550385410000,,,,,,,,,,,,,,,,,,,,,,,,,,,,,,,,,
1550395410000,,,,,,,,,,,,,,,,,,,,,,,,,,,,,,,,,
1550405410000,,,,,,,,,,,,,,,,,,,,,,,,,,,,,,,,,
1550415410000,,,,,,,,,,,,,,,,,,,,,,,,,,,,,,,,,
1550425410000,,,,,,,,,,,,,,,,,,,,,,,,,,,,,,,,,
1550435410000,,,,,,,,,,,,,,,,,,,,,,,,,,,,,,,,,
1550445410000,,,,,,,,,,,,,,,,,,,,,,,,,,,,,,,,,
1550455410000,,,,,,,,,,,,,,,,,,,,,,,,,,,,,,,,,
1550465410000,,,,,,,,,,,,,,,,,,,,,,,,,,,,,,,,,
1550475430000,,,,,,,,,,,,,,,,,,,,,,,,,,,,,,,,,
1550485440000,,,,,,,,,,,,,,,,,,,,,,,,,,,,,,,,,
1550495440000,,,,,,,,,,,,,,,,,,,,,,,,,,,,,,,,,
1550505440000,,,,,,,,,,,,,,,,,,,,,,,,,,,,,,,,,
1550515440000,,,,,,,,,,,,,,,,,,,,,,,,,,,,,,,,,
1550525440000,,,,,,,,,,,,,,,,,,,,,,,,,,,,,,,,,
1550535440000,,,,,,,,,,,,,,,,,,,,,,,,,,,,,,,,,
1550545440000,,,,,,,,,,,,,,,,,,,,,,,,,,,,,,,,,
1550555450000,,,,,,,,,,,,,,,,,,,,,,,,,,,,,,,,,
1550565450000,,,,,,,,,,,,,,,,,,,,,,,,,,,,,,,,,
1550575450000,,,,,,,,,,,,,,,,,,,,,,,,,,,,,,,,,
1550585450000,,,,,,,,,,,,,,,,,,,,,,,,,,,,,,,,,
1550595450000,,,,,,,,,,,,,,,,,,,,,,,,,,,,,,,,,
1550605460000,,,,,,,,,,,,,,,,,,,,,,,,,,,,,,,,,
1550615460000,,,,,,,,,,,,,,,,,,,,,,,,,,,,,,,,,
1550625460000,,,,,,,,,,,,,,,,,,,,,,,,,,,,,,,,,
1550635460000,,,,,,,,,,,,,,,,,,,,,,,,,,,,,,,,,
1550645470000,,,,,,,,,,,,,,,,,,,,,,,,,,,,,,,,,
1550655470000,,,,,,,,,,,,,,,,,,,,,,,,,,,,,,,,,
1550665470000,,,,,,,,,,,,,,,,,,,,,,,,,,,,,,,,,
1550675480000,,,,,,,,,,,,,,,,,,,,,,,,,,,,,,,,,
1550685480000,,,,,,,,,,,,,,,,,,,,,,,,,,,,,,,,,
1550695480000,,,,,,,,,,,,,,,,,,,,,,,,,,,,,,,,,
1550705480000,,,,,,,,,,,,,,,,,,,,,,,,,,,,,,,,,
1550715480000,,,,,,,,,,,,,,,,,,,,,,,,,,,,,,,,,
1550725480000,,,,,,,,,,,,,,,,,,,,,,,,,,,,,,,,,
1550735600000,,,,,,,,,,,,,,,,,,,,,,,,,,,,,,,,,
1550745610000,,,,,,,,,,,,,,,,,,,,,,,,,,,,,,,,,
1550755670000,,,,,,,,,,,,,,,,,,,,,,,,,,,,,,,,,
1550765670000,,,,,,,,,,,,,,,,,,,,,,,,,,,,,,,,,
1550775670000,,,,,,,,,,,,,,,,,,,,,,,,,,,,,,,,,
1550785670000,,,,,,,,,,,,,,,,,,,,,,,,,,,,,,,,,
1550795670000,,,,,,,,,,,,,,,,,,,,,,,,,,,,,,,,,
1550805670000,,,,,,,,,,,,,,,,,,,,,,,,,,,,,,,,,
1550815670000,,,,,,,,,,,,,,,,,,,,,,,,,,,,,,,,,
1550825690000,,,,,,,,,,,,,,,,,,,,,,,,,,,,,,,,,
1550835690000,,,,,,,,,,,,,,,,,,,,,,,,,,,,,,,,,
1550845690000,,,,,,,,,,,,,,,,,,,,,,,,,,,,,,,,,
1550855710000,,,,,,,,,,,,,,,,,,,,,,,,,,,,,,,,,
1550865710000,,,,,,,,,,,,,,,,,,,,,,,,,,,,,,,,,
1550875710000,,,,,,,,,,,,,,,,,,,,,,,,,,,,,,,,,
1550885710000,,,,,,,,,,,,,,,,,,,,,,,,,,,,,,,,,
1550895710000,,,,,,,,,,,,,,,,,,,,,,,,,,,,,,,,,
1550905710000,,,,,,,,,,,,,,,,,,,,,,,,,,,,,,,,,
1550915710000,,,,,,,,,,,,,,,,,,,,,,,,,,,,,,,,,
1550925710000,,,,,,,,,,,,,,,,,,,,,,,,,,,,,,,,,
1550935710000,,,,,,,,,,,,,,,,,,,,,,,,,,,,,,,,,
1550945710000,,,,,,,,,,,,,,,,,,,,,,,,,,,,,,,,,
1550955710000,,,,,,,,,,,,,,,,,,,,,,,,,,,,,,,,,
1550965710000,,,,,,,,,,,,,,,,,,,,,,,,,,,,,,,,,
1550975710000,,,,,,,,,,,,,,,,,,,,,,,,,,,,,,,,,
1550985710000,,,,,,,,,,,,,,,,,,,,,,,,,,,,,,,,,
1550995720000,,,,,,,,,,,,,,,,,,,,,,,,,,,,,,,,,
1551005730000,,,,,,,,,,,,,,,,,,,,,,,,,,,,,,,,,
1551015730000,,,,,,,,,,,,,,,,,,,,,,,,,,,,,,,,,
1551025740000,,,,,,,,,,,,,,,,,,,,,,,,,,,,,,,,,
1551035740000,,,,,,,,,,,,,,,,,,,,,,,,,,,,,,,,,
1551045740000,,,,,,,,,,,,,,,,,,,,,,,,,,,,,,,,,
1551055740000,,,,,,,,,,,,,,,,,,,,,,,,,,,,,,,,,
1551065740000,,,,,,,,,,,,,,,,,,,,,,,,,,,,,,,,,
1551075740000,,,,,,,,,,,,,,,,,,,,,,,,,,,,,,,,,
1551085740000,,,,,,,,,,,,,,,,,,,,,,,,,,,,,,,,,
1551095740000,,,,,,,,,,,,,,,,,,,,,,,,,,,,,,,,,
1551105740000,,,,,,,,,,,,,,,,,,,,,,,,,,,,,,,,,
1551115740000,,,,,,,,,,,,,,,,,,,,,,,,,,,,,,,,,
1551125740000,,,,,,,,,,,,,,,,,,,,,,,,,,,,,,,,,
1551135750000,,,,,,,,,,,,,,,,,,,,,,,,,,,,,,,,,
1551145750000,,,,,,,,,,,,,,,,,,,,,,,,,,,,,,,,,
1551155750000,,,,,,,,,,,,,,,,,,,,,,,,,,,,,,,,,
1551165760000,,,,,,,,,,,,,,,,,,,,,,,,,,,,,,,,,
1551175770000,,,,,,,,,,,,,,,,,,,,,,,,,,,,,,,,,
1551185770000,,,,,,,,,,,,,,,,,,,,,,,,,,,,,,,,,
1551195780000,,,,,,,,,,,,,,,,,,,,,,,,,,,,,,,,,
1551205780000,,,,,,,,,,,,,,,,,,,,,,,,,,,,,,,,,
1551215780000,,,,,,,,,,,,,,,,,,,,,,,,,,,,,,,,,
1551225780000,,,,,,,,,,,,,,,,,,,,,,,,,,,,,,,,,
1551235790000,,,,,,,,,,,,,,,,,,,,,,,,,,,,,,,,,
1551245790000,,,,,,,,,,,,,,,,,,,,,,,,,,,,,,,,,
1551255810000,,,,,,,,,,,,,,,,,,,,,,,,,,,,,,,,,
1551265810000,,,,,,,,,,,,,,,,,,,,,,,,,,,,,,,,,
1551275810000,,,,,,,,,,,,,,,,,,,,,,,,,,,,,,,,,
1551285810000,,,,,,,,,,,,,,,,,,,,,,,,,,,,,,,,,
1551295810000,,,,,,,,,,,,,,,,,,,,,,,,,,,,,,,,,
1551305810000,,,,,,,,,,,,,,,,,,,,,,,,,,,,,,,,,
1551315810000,,,,,,,,,,,,,,,,,,,,,,,,,,,,,,,,,
1551325810000,,,,,,,,,,,,,,,,,,,,,,,,,,,,,,,,,
1551335810000,,,,,,,,,,,,,,,,,,,,,,,,,,,,,,,,,
1551345820000,,,,,,,,,,,,,,,,,,,,,,,,,,,,,,,,,
1551355830000,,,,,,,,,,,,,,,,,,,,,,,,,,,,,,,,,
1551365830000,,,,,,,,,,,,,,,,,,,,,,,,,,,,,,,,,
1551375840000,,,,,,,,,,,,,,,,,,,,,,,,,,,,,,,,,
1551385840000,,,,,,,,,,,,,,,,,,,,,,,,,,,,,,,,,
1551395840000,,,,,,,,,,,,,,,,,,,,,,,,,,,,,,,,,
1551405840000,,,,,,,,,,,,,,,,,,,,,,,,,,,,,,,,,
1551415850000,,,,,,,,,,,,,,,,,,,,,,,,,,,,,,,,,
1551425860000,,,,,,,,,,,,,,,,,,,,,,,,,,,,,,,,,
1551435860000,,,,,,,,,,,,,,,,,,,,,,,,,,,,,,,,,
1551445860000,,,,,,,,,,,,,,,,,,,,,,,,,,,,,,,,,
1551455860000,,,,,,,,,,,,,,,,,,,,,,,,,,,,,,,,,
1551465860000,,,,,,,,,,,,,,,,,,,,,,,,,,,,,,,,,
1551475860000,,,,,,,,,,,,,,,,,,,,,,,,,,,,,,,,,
1551485870000,,,,,,,,,,,,,,,,,,,,,,,,,,,,,,,,,
1551495870000,,,,,,,,,,,,,,,,,,,,,,,,,,,,,,,,,
1551505870000,,,,,,,,,,,,,,,,,,,,,,,,,,,,,,,,,
1551515870000,,,,,,,,,,,,,,,,,,,,,,,,,,,,,,,,,
1551525870000,,,,,,,,,,,,,,,,,,,,,,,,,,,,,,,,,
1551535870000,,,,,,,,,,,,,,,,,,,,,,,,,,,,,,,,,
1551545870000,,,,,,,,,,,,,,,,,,,,,,,,,,,,,,,,,
1551555870000,,,,,,,,,,,,,,,,,,,,,,,,,,,,,,,,,
1551565870000,,,,,,,,,,,,,,,,,,,,,,,,,,,,,,,,,
1551575870000,,,,,,,,,,,,,,,,,,,,,,,,,,,,,,,,,
1551585870000,,,,,,,,,,,,,,,,,,,,,,,,,,,,,,,,,
1551595870000,,,,,,,,,,,,,,,,,,,,,,,,,,,,,,,,,
1551605870000,,,,,,,,,,,,,,,,,,,,,,,,,,,,,,,,,
1551615870000,,,,,,,,,,,,,,,,,,,,,,,,,,,,,,,,,
1551625870000,,,,,,,,,,,,,,,,,,,,,,,,,,,,,,,,,
1551635870000,,,,,,,,,,,,,,,,,,,,,,,,,,,,,,,,,
1551645870000,,,,,,,,,,,,,,,,,,,,,,,,,,,,,,,,,
1551655870000,,,,,,,,,,,,,,,,,,,,,,,,,,,,,,,,,
1551665870000,,,,,,,,,,,,,,,,,,,,,,,,,,,,,,,,,
1551675870000,,,,,,,,,,,,,,,,,,,,,,,,,,,,,,,,,
1551685880000,,,,,,,,,,,,,,,,,,,,,,,,,,,,,,,,,
1551695890000,,,,,,,,,,,,,,,,,,,,,,,,,,,,,,,,,
1551705890000,,,,,,,,,,,,,,,,,,,,,,,,,,,,,,,,,
1551715890000,,,,,,,,,,,,,,,,,,,,,,,,,,,,,,,,,
1551725890000,,,,,,,,,,,,,,,,,,,,,,,,,,,,,,,,,
1551735890000,,,,,,,,,,,,,,,,,,,,,,,,,,,,,,,,,
1551745890000,,,,,,,,,,,,,,,,,,,,,,,,,,,,,,,,,
1551755900000,,,,,,,,,,,,,,,,,,,,,,,,,,,,,,,,,
1551765900000,,,,,,,,,,,,,,,,,,,,,,,,,,,,,,,,,
1551775900000,,,,,,,,,,,,,,,,,,,,,,,,,,,,,,,,,
1551785900000,,,,,,,,,,,,,,,,,,,,,,,,,,,,,,,,,
1551795900000,,,,,,,,,,,,,,,,,,,,,,,,,,,,,,,,,
1551805900000,,,,,,,,,,,,,,,,,,,,,,,,,,,,,,,,,
1551815900000,,,,,,,,,,,,,,,,,,,,,,,,,,,,,,,,,
1551825900000,,,,,,,,,,,,,,,,,,,,,,,,,,,,,,,,,
1551835900000,,,,,,,,,,,,,,,,,,,,,,,,,,,,,,,,,
1551845920000,,,,,,,,,,,,,,,,,,,,,,,,,,,,,,,,,
1551855930000,,,,,,,,,,,,,,,,,,,,,,,,,,,,,,,,,
1551865930000,,,,,,,,,,,,,,,,,,,,,,,,,,,,,,,,,
1551875930000,,,,,,,,,,,,,,,,,,,,,,,,,,,,,,,,,
1551885930000,,,,,,,,,,,,,,,,,,,,,,,,,,,,,,,,,
1551895930000,,,,,,,,,,,,,,,,,,,,,,,,,,,,,,,,,
1551905930000,,,,,,,,,,,,,,,,,,,,,,,,,,,,,,,,,
1551915930000,,,,,,,,,,,,,,,,,,,,,,,,,,,,,,,,,
1551925930000,,,,,,,,,,,,,,,,,,,,,,,,,,,,,,,,,
1551935930000,,,,,,,,,,,,,,,,,,,,,,,,,,,,,,,,,
1551945930000,,,,,,,,,,,,,,,,,,,,,,,,,,,,,,,,,
1551955930000,,,,,,,,,,,,,,,,,,,,,,,,,,,,,,,,,
1551965930000,,,,,,,,,,,,,,,,,,,,,,,,,,,,,,,,,
1551975930000,,,,,,,,,,,,,,,,,,,,,,,,,,,,,,,,,
1551985930000,,,,,,,,,,,,,,,,,,,,,,,,,,,,,,,,,
1551995930000,,,,,,,,,,,,,,,,,,,,,,,,,,,,,,,,,
1552005930000,,,,,,,,,,,,,,,,,,,,,,,,,,,,,,,,,
1552015930000,,,,,,,,,,,,,,,,,,,,,,,,,,,,,,,,,
1552025930000,,,,,,,,,,,,,,,,,,,,,,,,,,,,,,,,,
1552035930000,,,,,,,,,,,,,,,,,,,,,,,,,,,,,,,,,
1552045930000,,,,,,,,,,,,,,,,,,,,,,,,,,,,,,,,,
1552055930000,,,,,,,,,,,,,,,,,,,,,,,,,,,,,,,,,
1552065930000,,,,,,,,,,,,,,,,,,,,,,,,,,,,,,,,,
1552075930000,,,,,,,,,,,,,,,,,,,,,,,,,,,,,,,,,
1552085930000,,,,,,,,,,,,,,,,,,,,,,,,,,,,,,,,,
1552095930000,,,,,,,,,,,,,,,,,,,,,,,,,,,,,,,,,
1552105930000,,,,,,,,,,,,,,,,,,,,,,,,,,,,,,,,,
1552115930000,,,,,,,,,,,,,,,,,,,,,,,,,,,,,,,,,
1552125930000,,,,,,,,,,,,,,,,,,,,,,,,,,,,,,,,,
1552135930000,,,,,,,,,,,,,,,,,,,,,,,,,,,,,,,,,
1552145930000,,,,,,,,,,,,,,,,,,,,,,,,,,,,,,,,,
1552155930000,,,,,,,,,,,,,,,,,,,,,,,,,,,,,,,,,
1552166020000,,,,,,,,,,,,,,,,,,,,,,,,,,,,,,,,,
1552176030000,,,,,,,,,,,,,,,,,,,,,,,,,,,,,,,,,
1552186030000,,,,,,,,,,,,,,,,,,,,,,,,,,,,,,,,,
1552196030000,,,,,,,,,,,,,,,,,,,,,,,,,,,,,,,,,
1552206030000,,,,,,,,,,,,,,,,,,,,,,,,,,,,,,,,,
1552216030000,,,,,,,,,,,,,,,,,,,,,,,,,,,,,,,,,
1552226030000,,,,,,,,,,,,,,,,,,,,,,,,,,,,,,,,,
1552236030000,,,,,,,,,,,,,,,,,,,,,,,,,,,,,,,,,
1552246030000,,,,,,,,,,,,,,,,,,,,,,,,,,,,,,,,,
1552256030000,,,,,,,,,,,,,,,,,,,,,,,,,,,,,,,,,
1552266060000,,,,,,,,,,,,,,,,,,,,,,,,,,,,,,,,,
1552276080000,,,,,,,,,,,,,,,,,,,,,,,,,,,,,,,,,
1552286080000,,,,,,,,,,,,,,,,,,,,,,,,,,,,,,,,,
1552296090000,,,,,,,,,,,,,,,,,,,,,,,,,,,,,,,,,
1552306090000,,,,,,,,,,,,,,,,,,,,,,,,,,,,,,,,,
1552316090000,,,,,,,,,,,,,,,,,,,,,,,,,,,,,,,,,
1552326090000,,,,,,,,,,,,,,,,,,,,,,,,,,,,,,,,,
1552336100000,,,,,,,,,,,,,,,,,,,,,,,,,,,,,,,,,
1552346130000,,,,,,,,,,,,,,,,,,,,,,,,,,,,,,,,,
1552356240000,,,,,,,,,,,,,,,,,,,,,,,,,,,,,,,,,
1552366310000,,,,,,,,,,,,,,,,,,,,,,,,,,,,,,,,,
1552376320000,,,,,,,,,,,,,,,,,,,,,,,,,,,,,,,,,
1552386320000,,,,,,,,,,,,,,,,,,,,,,,,,,,,,,,,,
1552396330000,,,,,,,,,,,,,,,,,,,,,,,,,,,,,,,,,
1552406330000,,,,,,,,,,,,,,,,,,,,,,,,,,,,,,,,,
1552416330000,,,,,,,,,,,,,,,,,,,,,,,,,,,,,,,,,
1552426330000,,,,,,,,,,,,,,,,,,,,,,,,,,,,,,,,,
1552436330000,,,,,,,,,,,,,,,,,,,,,,,,,,,,,,,,,
1552446340000,,,,,,,,,,,,,,,,,,,,,,,,,,,,,,,,,
1552456340000,,,,,,,,,,,,,,,,,,,,,,,,,,,,,,,,,
1552466340000,,,,,,,,,,,,,,,,,,,,,,,,,,,,,,,,,
1552476340000,,,,,,,,,,,,,,,,,,,,,,,,,,,,,,,,,
1552486350000,,,,,,,,,,,,,,,,,,,,,,,,,,,,,,,,,
1552496350000,,,,,,,,,,,,,,,,,,,,,,,,,,,,,,,,,
1552506350000,,,,,,,,,,,,,,,,,,,,,,,,,,,,,,,,,
1552516350000,,,,,,,,,,,,,,,,,,,,,,,,,,,,,,,,,
1552526350000,,,,,,,,,,,,,,,,,,,,,,,,,,,,,,,,,
1552536380000,,,,,,,,,,,,,,,,,,,,,,,,,,,,,,,,,
1552546380000,,,,,,,,,,,,,,,,,,,,,,,,,,,,,,,,,
1552556380000,,,,,,,,,,,,,,,,,,,,,,,,,,,,,,,,,
1552566390000,,,,,,,,,,,,,,,,,,,,,,,,,,,,,,,,,
1552576400000,,,,,,,,,,,,,,,,,,,,,,,,,,,,,,,,,
1552586400000,,,,,,,,,,,,,,,,,,,,,,,,,,,,,,,,,
1552596400000,,,,,,,,,,,,,,,,,,,,,,,,,,,,,,,,,
1552606400000,,,,,,,,,,,,,,,,,,,,,,,,,,,,,,,,,
1552616400000,,,,,,,,,,,,,,,,,,,,,,,,,,,,,,,,,
1552626410000,,,,,,,,,,,,,,,,,,,,,,,,,,,,,,,,,
1552636410000,,,,,,,,,,,,,,,,,,,,,,,,,,,,,,,,,
1552646410000,,,,,,,,,,,,,,,,,,,,,,,,,,,,,,,,,
1552656410000,,,,,,,,,,,,,,,,,,,,,,,,,,,,,,,,,
1552666410000,,,,,,,,,,,,,,,,,,,,,,,,,,,,,,,,,
1552676410000,,,,,,,,,,,,,,,,,,,,,,,,,,,,,,,,,
1552686410000,,,,,,,,,,,,,,,,,,,,,,,,,,,,,,,,,
1552696410000,,,,,,,,,,,,,,,,,,,,,,,,,,,,,,,,,
1552706410000,,,,,,,,,,,,,,,,,,,,,,,,,,,,,,,,,
1552716410000,,,,,,,,,,,,,,,,,,,,,,,,,,,,,,,,,
1552726430000,,,,,,,,,,,,,,,,,,,,,,,,,,,,,,,,,
1552736440000,,,,,,,,,,,,,,,,,,,,,,,,,,,,,,,,,
1552746440000,,,,,,,,,,,,,,,,,,,,,,,,,,,,,,,,,
1552756450000,,,,,,,,,,,,,,,,,,,,,,,,,,,,,,,,,
1552766450000,,,,,,,,,,,,,,,,,,,,,,,,,,,,,,,,,
1552776450000,,,,,,,,,,,,,,,,,,,,,,,,,,,,,,,,,
1552786450000,,,,,,,,,,,,,,,,,,,,,,,,,,,,,,,,,
1552796450000,,,,,,,,,,,,,,,,,,,,,,,,,,,,,,,,,
1552806450000,,,,,,,,,,,,,,,,,,,,,,,,,,,,,,,,,
1552816450000,,,,,,,,,,,,,,,,,,,,,,,,,,,,,,,,,
1552826450000,,,,,,,,,,,,,,,,,,,,,,,,,,,,,,,,,
1552836450000,,,,,,,,,,,,,,,,,,,,,,,,,,,,,,,,,
1552846450000,,,,,,,,,,,,,,,,,,,,,,,,,,,,,,,,,
1552856450000,,,,,,,,,,,,,,,,,,,,,,,,,,,,,,,,,
1552866450000,,,,,,,,,,,,,,,,,,,,,,,,,,,,,,,,,
1552876450000,,,,,,,,,,,,,,,,,,,,,,,,,,,,,,,,,
1552886460000,,,,,,,,,,,,,,,,,,,,,,,,,,,,,,,,,
1552896460000,,,,,,,,,,,,,,,,,,,,,,,,,,,,,,,,,
1552906460000,,,,,,,,,,,,,,,,,,,,,,,,,,,,,,,,,
1552916460000,,,,,,,,,,,,,,,,,,,,,,,,,,,,,,,,,
1552926460000,,,,,,,,,,,,,,,,,,,,,,,,,,,,,,,,,
1552936460000,,,,,,,,,,,,,,,,,,,,,,,,,,,,,,,,,
1552946460000,,,,,,,,,,,,,,,,,,,,,,,,,,,,,,,,,
1552956460000,,,,,,,,,,,,,,,,,,,,,,,,,,,,,,,,,
1552966490000,,,,,,,,,,,,,,,,,,,,,,,,,,,,,,,,,
1552976490000,,,,,,,,,,,,,,,,,,,,,,,,,,,,,,,,,
1552986490000,,,,,,,,,,,,,,,,,,,,,,,,,,,,,,,,,
1552996490000,,,,,,,,,,,,,,,,,,,,,,,,,,,,,,,,,
1553006500000,,,,,,,,,,,,,,,,,,,,,,,,,,,,,,,,,
1553016500000,,,,,,,,,,,,,,,,,,,,,,,,,,,,,,,,,
1553026500000,,,,,,,,,,,,,,,,,,,,,,,,,,,,,,,,,
1553036500000,,,,,,,,,,,,,,,,,,,,,,,,,,,,,,,,,
1553046500000,,,,,,,,,,,,,,,,,,,,,,,,,,,,,,,,,
1553056530000,,,,,,,,,,,,,,,,,,,,,,,,,,,,,,,,,
1553066540000,,,,,,,,,,,,,,,,,,,,,,,,,,,,,,,,,
1553076550000,,,,,,,,,,,,,,,,,,,,,,,,,,,,,,,,,
1553086550000,,,,,,,,,,,,,,,,,,,,,,,,,,,,,,,,,
1553096550000,,,,,,,,,,,,,,,,,,,,,,,,,,,,,,,,,
1553106550000,,,,,,,,,,,,,,,,,,,,,,,,,,,,,,,,,
1553116550000,,,,,,,,,,,,,,,,,,,,,,,,,,,,,,,,,
1553126550000,,,,,,,,,,,,,,,,,,,,,,,,,,,,,,,,,
1553136550000,,,,,,,,,,,,,,,,,,,,,,,,,,,,,,,,,
1553146550000,,,,,,,,,,,,,,,,,,,,,,,,,,,,,,,,,
1553156550000,,,,,,,,,,,,,,,,,,,,,,,,,,,,,,,,,
1553166550000,,,,,,,,,,,,,,,,,,,,,,,,,,,,,,,,,
1553176550000,,,,,,,,,,,,,,,,,,,,,,,,,,,,,,,,,
1553186550000,,,,,,,,,,,,,,,,,,,,,,,,,,,,,,,,,
1553196550000,,,,,,,,,,,,,,,,,,,,,,,,,,,,,,,,,
1553206550000,,,,,,,,,,,,,,,,,,,,,,,,,,,,,,,,,
1553216550000,,,,,,,,,,,,,,,,,,,,,,,,,,,,,,,,,
1553226570000,,,,,,,,,,,,,,,,,,,,,,,,,,,,,,,,,
1553236570000,,,,,,,,,,,,,,,,,,,,,,,,,,,,,,,,,
1553246570000,,,,,,,,,,,,,,,,,,,,,,,,,,,,,,,,,
1553256580000,,,,,,,,,,,,,,,,,,,,,,,,,,,,,,,,,
1553266580000,,,,,,,,,,,,,,,,,,,,,,,,,,,,,,,,,
1553276580000,,,,,,,,,,,,,,,,,,,,,,,,,,,,,,,,,
1553286580000,,,,,,,,,,,,,,,,,,,,,,,,,,,,,,,,,
1553296580000,,,,,,,,,,,,,,,,,,,,,,,,,,,,,,,,,
1553306590000,,,,,,,,,,,,,,,,,,,,,,,,,,,,,,,,,
1553316590000,,,,,,,,,,,,,,,,,,,,,,,,,,,,,,,,,
1553326600000,,,,,,,,,,,,,,,,,,,,,,,,,,,,,,,,,
1553336600000,,,,,,,,,,,,,,,,,,,,,,,,,,,,,,,,,
1553346600000,,,,,,,,,,,,,,,,,,,,,,,,,,,,,,,,,
1553356610000,,,,,,,,,,,,,,,,,,,,,,,,,,,,,,,,,
1553366620000,,,,,,,,,,,,,,,,,,,,,,,,,,,,,,,,,
1553376620000,,,,,,,,,,,,,,,,,,,,,,,,,,,,,,,,,
1553386660000,,,,,,,,,,,,,,,,,,,,,,,,,,,,,,,,,
1553396660000,,,,,,,,,,,,,,,,,,,,,,,,,,,,,,,,,
1553406660000,,,,,,,,,,,,,,,,,,,,,,,,,,,,,,,,,
1553416660000,,,,,,,,,,,,,,,,,,,,,,,,,,,,,,,,,
1553426660000,,,,,,,,,,,,,,,,,,,,,,,,,,,,,,,,,
1553436660000,,,,,,,,,,,,,,,,,,,,,,,,,,,,,,,,,
1553446660000,,,,,,,,,,,,,,,,,,,,,,,,,,,,,,,,,
1553456670000,,,,,,,,,,,,,,,,,,,,,,,,,,,,,,,,,
1553466680000,,,,,,,,,,,,,,,,,,,,,,,,,,,,,,,,,
1553476680000,,,,,,,,,,,,,,,,,,,,,,,,,,,,,,,,,
1553486680000,,,,,,,,,,,,,,,,,,,,,,,,,,,,,,,,,
1553496710000,,,,,,,,,,,,,,,,,,,,,,,,,,,,,,,,,
1553506710000,,,,,,,,,,,,,,,,,,,,,,,,,,,,,,,,,
1553516780000,,,,,,,,,,,,,,,,,,,,,,,,,,,,,,,,,
1553526780000,,,,,,,,,,,,,,,,,,,,,,,,,,,,,,,,,
1553536780000,,,,,,,,,,,,,,,,,,,,,,,,,,,,,,,,,
1553546780000,,,,,,,,,,,,,,,,,,,,,,,,,,,,,,,,,
1553556780000,,,,,,,,,,,,,,,,,,,,,,,,,,,,,,,,,
1553566780000,,,,,,,,,,,,,,,,,,,,,,,,,,,,,,,,,
1553576780000,,,,,,,,,,,,,,,,,,,,,,,,,,,,,,,,,
1553586790000,,,,,,,,,,,,,,,,,,,,,,,,,,,,,,,,,
1553596790000,,,,,,,,,,,,,,,,,,,,,,,,,,,,,,,,,
1553606790000,,,,,,,,,,,,,,,,,,,,,,,,,,,,,,,,,
1553616790000,,,,,,,,,,,,,,,,,,,,,,,,,,,,,,,,,
1553626790000,,,,,,,,,,,,,,,,,,,,,,,,,,,,,,,,,
1553636790000,,,,,,,,,,,,,,,,,,,,,,,,,,,,,,,,,
1553646790000,,,,,,,,,,,,,,,,,,,,,,,,,,,,,,,,,
1553656790000,,,,,,,,,,,,,,,,,,,,,,,,,,,,,,,,,
1553666790000,,,,,,,,,,,,,,,,,,,,,,,,,,,,,,,,,
1553676800000,,,,,,,,,,,,,,,,,,,,,,,,,,,,,,,,,
1553686800000,,,,,,,,,,,,,,,,,,,,,,,,,,,,,,,,,
1553696810000,,,,,,,,,,,,,,,,,,,,,,,,,,,,,,,,,
1553706810000,,,,,,,,,,,,,,,,,,,,,,,,,,,,,,,,,
1553716810000,,,,,,,,,,,,,,,,,,,,,,,,,,,,,,,,,
1553726810000,,,,,,,,,,,,,,,,,,,,,,,,,,,,,,,,,
1553736810000,,,,,,,,,,,,,,,,,,,,,,,,,,,,,,,,,
1553746810000,,,,,,,,,,,,,,,,,,,,,,,,,,,,,,,,,
1553756820000,,,,,,,,,,,,,,,,,,,,,,,,,,,,,,,,,
1553766820000,,,,,,,,,,,,,,,,,,,,,,,,,,,,,,,,,
1553776820000,,,,,,,,,,,,,,,,,,,,,,,,,,,,,,,,,
1553786820000,,,,,,,,,,,,,,,,,,,,,,,,,,,,,,,,,
1553796820000,,,,,,,,,,,,,,,,,,,,,,,,,,,,,,,,,
1553806820000,,,,,,,,,,,,,,,,,,,,,,,,,,,,,,,,,
1553816820000,,,,,,,,,,,,,,,,,,,,,,,,,,,,,,,,,
1553826830000,,,,,,,,,,,,,,,,,,,,,,,,,,,,,,,,,
1553836850000,,,,,,,,,,,,,,,,,,,,,,,,,,,,,,,,,
1553846850000,,,,,,,,,,,,,,,,,,,,,,,,,,,,,,,,,
1553856850000,,,,,,,,,,,,,,,,,,,,,,,,,,,,,,,,,
1553866850000,,,,,,,,,,,,,,,,,,,,,,,,,,,,,,,,,
1553876860000,,,,,,,,,,,,,,,,,,,,,,,,,,,,,,,,,
1553886860000,,,,,,,,,,,,,,,,,,,,,,,,,,,,,,,,,
1553896860000,,,,,,,,,,,,,,,,,,,,,,,,,,,,,,,,,
1553906880000,,,,,,,,,,,,,,,,,,,,,,,,,,,,,,,,,
1553916880000,,,,,,,,,,,,,,,,,,,,,,,,,,,,,,,,,
1553926890000,,,,,,,,,,,,,,,,,,,,,,,,,,,,,,,,,
1553936890000,,,,,,,,,,,,,,,,,,,,,,,,,,,,,,,,,
1553946890000,,,,,,,,,,,,,,,,,,,,,,,,,,,,,,,,,
1553956900000,,,,,,,,,,,,,,,,,,,,,,,,,,,,,,,,,
1553966900000,,,,,,,,,,,,,,,,,,,,,,,,,,,,,,,,,
1553976910000,,,,,,,,,,,,,,,,,,,,,,,,,,,,,,,,,
1553986910000,,,,,,,,,,,,,,,,,,,,,,,,,,,,,,,,,
1553996920000,,,,,,,,,,,,,,,,,,,,,,,,,,,,,,,,,
1554006930000,,,,,,,,,,,,,,,,,,,,,,,,,,,,,,,,,
1554016930000,,,,,,,,,,,,,,,,,,,,,,,,,,,,,,,,,
1554026930000,,,,,,,,,,,,,,,,,,,,,,,,,,,,,,,,,
1554036930000,,,,,,,,,,,,,,,,,,,,,,,,,,,,,,,,,
1554046930000,,,,,,,,,,,,,,,,,,,,,,,,,,,,,,,,,
1554056930000,,,,,,,,,,,,,,,,,,,,,,,,,,,,,,,,,
1554066930000,,,,,,,,,,,,,,,,,,,,,,,,,,,,,,,,,
1554076930000,,,,,,,,,,,,,,,,,,,,,,,,,,,,,,,,,
1554086930000,,,,,,,,,,,,,,,,,,,,,,,,,,,,,,,,,
1554096930000,,,,,,,,,,,,,,,,,,,,,,,,,,,,,,,,,
1554106960000,,,,,,,,,,,,,,,,,,,,,,,,,,,,,,,,,
1554116970000,,,,,,,,,,,,,,,,,,,,,,,,,,,,,,,,,
1554126970000,,,,,,,,,,,,,,,,,,,,,,,,,,,,,,,,,
1554136970000,,,,,,,,,,,,,,,,,,,,,,,,,,,,,,,,,
1554146970000,,,,,,,,,,,,,,,,,,,,,,,,,,,,,,,,,
1554156970000,,,,,,,,,,,,,,,,,,,,,,,,,,,,,,,,,
1554166970000,,,,,,,,,,,,,,,,,,,,,,,,,,,,,,,,,
1554176970000,,,,,,,,,,,,,,,,,,,,,,,,,,,,,,,,,
1554187000000,,,,,,,,,,,,,,,,,,,,,,,,,,,,,,,,,
1554197040000,,,,,,,,,,,,,,,,,,,,,,,,,,,,,,,,,
1554207040000,,,,,,,,,,,,,,,,,,,,,,,,,,,,,,,,,
1554217040000,,,,,,,,,,,,,,,,,,,,,,,,,,,,,,,,,
1554227050000,,,,,,,,,,,,,,,,,,,,,,,,,,,,,,,,,
1554237050000,,,,,,,,,,,,,,,,,,,,,,,,,,,,,,,,,
1554247050000,,,,,,,,,,,,,,,,,,,,,,,,,,,,,,,,,
1554257050000,,,,,,,,,,,,,,,,,,,,,,,,,,,,,,,,,
1554267050000,,,,,,,,,,,,,,,,,,,,,,,,,,,,,,,,,
1554277050000,,,,,,,,,,,,,,,,,,,,,,,,,,,,,,,,,
1554287050000,,,,,,,,,,,,,,,,,,,,,,,,,,,,,,,,,
1554297050000,,,,,,,,,,,,,,,,,,,,,,,,,,,,,,,,,
1554307050000,,,,,,,,,,,,,,,,,,,,,,,,,,,,,,,,,
1554317050000,,,,,,,,,,,,,,,,,,,,,,,,,,,,,,,,,
1554327050000,,,,,,,,,,,,,,,,,,,,,,,,,,,,,,,,,
1554337050000,,,,,,,,,,,,,,,,,,,,,,,,,,,,,,,,,
1554347060000,,,,,,,,,,,,,,,,,,,,,,,,,,,,,,,,,
1554357060000,,,,,,,,,,,,,,,,,,,,,,,,,,,,,,,,,
1554367060000,,,,,,,,,,,,,,,,,,,,,,,,,,,,,,,,,
1554377060000,,,,,,,,,,,,,,,,,,,,,,,,,,,,,,,,,
1554387060000,,,,,,,,,,,,,,,,,,,,,,,,,,,,,,,,,
1554397070000,,,,,,,,,,,,,,,,,,,,,,,,,,,,,,,,,
1554407070000,,,,,,,,,,,,,,,,,,,,,,,,,,,,,,,,,
1554417080000,,,,,,,,,,,,,,,,,,,,,,,,,,,,,,,,,
1554427080000,,,,,,,,,,,,,,,,,,,,,,,,,,,,,,,,,
1554437080000,,,,,,,,,,,,,,,,,,,,,,,,,,,,,,,,,
1554447090000,,,,,,,,,,,,,,,,,,,,,,,,,,,,,,,,,
1554457090000,,,,,,,,,,,,,,,,,,,,,,,,,,,,,,,,,
1554467090000,,,,,,,,,,,,,,,,,,,,,,,,,,,,,,,,,
1554477090000,,,,,,,,,,,,,,,,,,,,,,,,,,,,,,,,,
1554487090000,,,,,,,,,,,,,,,,,,,,,,,,,,,,,,,,,
1554497090000,,,,,,,,,,,,,,,,,,,,,,,,,,,,,,,,,
1554507100000,,,,,,,,,,,,,,,,,,,,,,,,,,,,,,,,,
1554517100000,,,,,,,,,,,,,,,,,,,,,,,,,,,,,,,,,
1554527100000,,,,,,,,,,,,,,,,,,,,,,,,,,,,,,,,,
1554537100000,,,,,,,,,,,,,,,,,,,,,,,,,,,,,,,,,
1554547100000,,,,,,,,,,,,,,,,,,,,,,,,,,,,,,,,,
1554557110000,,,,,,,,,,,,,,,,,,,,,,,,,,,,,,,,,
1554567110000,,,,,,,,,,,,,,,,,,,,,,,,,,,,,,,,,
1554577110000,,,,,,,,,,,,,,,,,,,,,,,,,,,,,,,,,
1554587110000,,,,,,,,,,,,,,,,,,,,,,,,,,,,,,,,,
1554597120000,,,,,,,,,,,,,,,,,,,,,,,,,,,,,,,,,
1554607120000,,,,,,,,,,,,,,,,,,,,,,,,,,,,,,,,,
1554617120000,,,,,,,,,,,,,,,,,,,,,,,,,,,,,,,,,
1554627120000,,,,,,,,,,,,,,,,,,,,,,,,,,,,,,,,,
1554637120000,,,,,,,,,,,,,,,,,,,,,,,,,,,,,,,,,
1554647120000,,,,,,,,,,,,,,,,,,,,,,,,,,,,,,,,,
1554657120000,,,,,,,,,,,,,,,,,,,,,,,,,,,,,,,,,
1554667120000,,,,,,,,,,,,,,,,,,,,,,,,,,,,,,,,,
1554677120000,,,,,,,,,,,,,,,,,,,,,,,,,,,,,,,,,
1554687120000,,,,,,,,,,,,,,,,,,,,,,,,,,,,,,,,,
1554697120000,,,,,,,,,,,,,,,,,,,,,,,,,,,,,,,,,
1554707130000,,,,,,,,,,,,,,,,,,,,,,,,,,,,,,,,,
1554717140000,,,,,,,,,,,,,,,,,,,,,,,,,,,,,,,,,
1554727140000,,,,,,,,,,,,,,,,,,,,,,,,,,,,,,,,,
1554737150000,,,,,,,,,,,,,,,,,,,,,,,,,,,,,,,,,
1554747150000,,,,,,,,,,,,,,,,,,,,,,,,,,,,,,,,,
1554757150000,,,,,,,,,,,,,,,,,,,,,,,,,,,,,,,,,
1554767150000,,,,,,,,,,,,,,,,,,,,,,,,,,,,,,,,,
1554777150000,,,,,,,,,,,,,,,,,,,,,,,,,,,,,,,,,
1554787150000,,,,,,,,,,,,,,,,,,,,,,,,,,,,,,,,,
1554797150000,,,,,,,,,,,,,,,,,,,,,,,,,,,,,,,,,
1554807160000,,,,,,,,,,,,,,,,,,,,,,,,,,,,,,,,,
1554817160000,,,,,,,,,,,,,,,,,,,,,,,,,,,,,,,,,
1554827160000,,,,,,,,,,,,,,,,,,,,,,,,,,,,,,,,,
1554837160000,,,,,,,,,,,,,,,,,,,,,,,,,,,,,,,,,
1554847160000,,,,,,,,,,,,,,,,,,,,,,,,,,,,,,,,,
1554857160000,,,,,,,,,,,,,,,,,,,,,,,,,,,,,,,,,
1554867170000,,,,,,,,,,,,,,,,,,,,,,,,,,,,,,,,,
1554877170000,,,,,,,,,,,,,,,,,,,,,,,,,,,,,,,,,
1554887170000,,,,,,,,,,,,,,,,,,,,,,,,,,,,,,,,,
1554897170000,,,,,,,,,,,,,,,,,,,,,,,,,,,,,,,,,
1554907170000,,,,,,,,,,,,,,,,,,,,,,,,,,,,,,,,,
1554917170000,,,,,,,,,,,,,,,,,,,,,,,,,,,,,,,,,
1554927170000,,,,,,,,,,,,,,,,,,,,,,,,,,,,,,,,,
1554937170000,,,,,,,,,,,,,,,,,,,,,,,,,,,,,,,,,
1554947170000,,,,,,,,,,,,,,,,,,,,,,,,,,,,,,,,,
1554957180000,,,,,,,,,,,,,,,,,,,,,,,,,,,,,,,,,
1554967180000,,,,,,,,,,,,,,,,,,,,,,,,,,,,,,,,,
1554977180000,,,,,,,,,,,,,,,,,,,,,,,,,,,,,,,,,
1554987180000,,,,,,,,,,,,,,,,,,,,,,,,,,,,,,,,,
1554997180000,,,,,,,,,,,,,,,,,,,,,,,,,,,,,,,,,
1555007180000,,,,,,,,,,,,,,,,,,,,,,,,,,,,,,,,,
1555017180000,,,,,,,,,,,,,,,,,,,,,,,,,,,,,,,,,
1555027180000,,,,,,,,,,,,,,,,,,,,,,,,,,,,,,,,,
1555037180000,,,,,,,,,,,,,,,,,,,,,,,,,,,,,,,,,
1555047180000,,,,,,,,,,,,,,,,,,,,,,,,,,,,,,,,,
1555057180000,,,,,,,,,,,,,,,,,,,,,,,,,,,,,,,,,
1555067180000,,,,,,,,,,,,,,,,,,,,,,,,,,,,,,,,,
1555077180000,,,,,,,,,,,,,,,,,,,,,,,,,,,,,,,,,
1555087180000,,,,,,,,,,,,,,,,,,,,,,,,,,,,,,,,,
1555097180000,,,,,,,,,,,,,,,,,,,,,,,,,,,,,,,,,
1555107180000,,,,,,,,,,,,,,,,,,,,,,,,,,,,,,,,,
1555117180000,,,,,,,,,,,,,,,,,,,,,,,,,,,,,,,,,
1555127180000,,,,,,,,,,,,,,,,,,,,,,,,,,,,,,,,,
1555137180000,,,,,,,,,,,,,,,,,,,,,,,,,,,,,,,,,
1555147180000,,,,,,,,,,,,,,,,,,,,,,,,,,,,,,,,,
1555157180000,,,,,,,,,,,,,,,,,,,,,,,,,,,,,,,,,
1555167180000,,,,,,,,,,,,,,,,,,,,,,,,,,,,,,,,,
1555177180000,,,,,,,,,,,,,,,,,,,,,,,,,,,,,,,,,
1555187180000,,,,,,,,,,,,,,,,,,,,,,,,,,,,,,,,,
1555197180000,,,,,,,,,,,,,,,,,,,,,,,,,,,,,,,,,
1555207180000,,,,,,,,,,,,,,,,,,,,,,,,,,,,,,,,,
1555217180000,,,,,,,,,,,,,,,,,,,,,,,,,,,,,,,,,
1555227180000,,,,,,,,,,,,,,,,,,,,,,,,,,,,,,,,,
1555237180000,,,,,,,,,,,,,,,,,,,,,,,,,,,,,,,,,
1555247180000,,,,,,,,,,,,,,,,,,,,,,,,,,,,,,,,,
1555257180000,,,,,,,,,,,,,,,,,,,,,,,,,,,,,,,,,
1555267180000,,,,,,,,,,,,,,,,,,,,,,,,,,,,,,,,,
1555277180000,,,,,,,,,,,,,,,,,,,,,,,,,,,,,,,,,
1555287180000,,,,,,,,,,,,,,,,,,,,,,,,,,,,,,,,,
1555297180000,,,,,,,,,,,,,,,,,,,,,,,,,,,,,,,,,
1555307180000,,,,,,,,,,,,,,,,,,,,,,,,,,,,,,,,,
1555317180000,,,,,,,,,,,,,,,,,,,,,,,,,,,,,,,,,
1555327180000,,,,,,,,,,,,,,,,,,,,,,,,,,,,,,,,,
1555337190000,,,,,,,,,,,,,,,,,,,,,,,,,,,,,,,,,
1555347190000,,,,,,,,,,,,,,,,,,,,,,,,,,,,,,,,,
1555357190000,,,,,,,,,,,,,,,,,,,,,,,,,,,,,,,,,
1555367200000,,,,,,,,,,,,,,,,,,,,,,,,,,,,,,,,,
1555377220000,,,,,,,,,,,,,,,,,,,,,,,,,,,,,,,,,
1555387220000,,,,,,,,,,,,,,,,,,,,,,,,,,,,,,,,,
1555397220000,,,,,,,,,,,,,,,,,,,,,,,,,,,,,,,,,
1555407220000,,,,,,,,,,,,,,,,,,,,,,,,,,,,,,,,,
1555417220000,,,,,,,,,,,,,,,,,,,,,,,,,,,,,,,,,
1555427220000,,,,,,,,,,,,,,,,,,,,,,,,,,,,,,,,,
1555437220000,,,,,,,,,,,,,,,,,,,,,,,,,,,,,,,,,
1555447220000,,,,,,,,,,,,,,,,,,,,,,,,,,,,,,,,,
1555457230000,,,,,,,,,,,,,,,,,,,,,,,,,,,,,,,,,
1555467260000,,,,,,,,,,,,,,,,,,,,,,,,,,,,,,,,,
1555477260000,,,,,,,,,,,,,,,,,,,,,,,,,,,,,,,,,
1555487260000,,,,,,,,,,,,,,,,,,,,,,,,,,,,,,,,,
1555497260000,,,,,,,,,,,,,,,,,,,,,,,,,,,,,,,,,
1555507260000,,,,,,,,,,,,,,,,,,,,,,,,,,,,,,,,,
1555517260000,,,,,,,,,,,,,,,,,,,,,,,,,,,,,,,,,
1555527260000,,,,,,,,,,,,,,,,,,,,,,,,,,,,,,,,,
1555537260000,,,,,,,,,,,,,,,,,,,,,,,,,,,,,,,,,
1555547260000,,,,,,,,,,,,,,,,,,,,,,,,,,,,,,,,,
1555557260000,,,,,,,,,,,,,,,,,,,,,,,,,,,,,,,,,
1555567260000,,,,,,,,,,,,,,,,,,,,,,,,,,,,,,,,,
1555577260000,,,,,,,,,,,,,,,,,,,,,,,,,,,,,,,,,
1555587260000,,,,,,,,,,,,,,,,,,,,,,,,,,,,,,,,,
1555597260000,,,,,,,,,,,,,,,,,,,,,,,,,,,,,,,,,
1555607260000,,,,,,,,,,,,,,,,,,,,,,,,,,,,,,,,,
1555617260000,,,,,,,,,,,,,,,,,,,,,,,,,,,,,,,,,
1555627260000,,,,,,,,,,,,,,,,,,,,,,,,,,,,,,,,,
1555637260000,,,,,,,,,,,,,,,,,,,,,,,,,,,,,,,,,
1555647260000,,,,,,,,,,,,,,,,,,,,,,,,,,,,,,,,,
1555657260000,,,,,,,,,,,,,,,,,,,,,,,,,,,,,,,,,
1555667270000,,,,,,,,,,,,,,,,,,,,,,,,,,,,,,,,,
1555677270000,,,,,,,,,,,,,,,,,,,,,,,,,,,,,,,,,
1555687270000,,,,,,,,,,,,,,,,,,,,,,,,,,,,,,,,,
1555697270000,,,,,,,,,,,,,,,,,,,,,,,,,,,,,,,,,
1555707270000,,,,,,,,,,,,,,,,,,,,,,,,,,,,,,,,,
1555717270000,,,,,,,,,,,,,,,,,,,,,,,,,,,,,,,,,
1555727270000,,,,,,,,,,,,,,,,,,,,,,,,,,,,,,,,,
1555737270000,,,,,,,,,,,,,,,,,,,,,,,,,,,,,,,,,
1555747270000,,,,,,,,,,,,,,,,,,,,,,,,,,,,,,,,,
1555757290000,,,,,,,,,,,,,,,,,,,,,,,,,,,,,,,,,
1555767300000,,,,,,,,,,,,,,,,,,,,,,,,,,,,,,,,,
1555777300000,,,,,,,,,,,,,,,,,,,,,,,,,,,,,,,,,
1555787310000,,,,,,,,,,,,,,,,,,,,,,,,,,,,,,,,,
1555797310000,,,,,,,,,,,,,,,,,,,,,,,,,,,,,,,,,
1555807310000,,,,,,,,,,,,,,,,,,,,,,,,,,,,,,,,,
1555817310000,,,,,,,,,,,,,,,,,,,,,,,,,,,,,,,,,
1555827310000,,,,,,,,,,,,,,,,,,,,,,,,,,,,,,,,,
1555837310000,,,,,,,,,,,,,,,,,,,,,,,,,,,,,,,,,
1555847310000,,,,,,,,,,,,,,,,,,,,,,,,,,,,,,,,,
1555857320000,,,,,,,,,,,,,,,,,,,,,,,,,,,,,,,,,
1555867320000,,,,,,,,,,,,,,,,,,,,,,,,,,,,,,,,,
1555877320000,,,,,,,,,,,,,,,,,,,,,,,,,,,,,,,,,
1555887320000,,,,,,,,,,,,,,,,,,,,,,,,,,,,,,,,,
1555897320000,,,,,,,,,,,,,,,,,,,,,,,,,,,,,,,,,
1555907330000,,,,,,,,,,,,,,,,,,,,,,,,,,,,,,,,,
1555917330000,,,,,,,,,,,,,,,,,,,,,,,,,,,,,,,,,
1555927540000,,,,,,,,,,,,,,,,,,,,,,,,,,,,,,,,,
1555937540000,,,,,,,,,,,,,,,,,,,,,,,,,,,,,,,,,
1555947540000,,,,,,,,,,,,,,,,,,,,,,,,,,,,,,,,,
1555957540000,,,,,,,,,,,,,,,,,,,,,,,,,,,,,,,,,
1555967540000,,,,,,,,,,,,,,,,,,,,,,,,,,,,,,,,,
1555977540000,,,,,,,,,,,,,,,,,,,,,,,,,,,,,,,,,
1555987540000,,,,,,,,,,,,,,,,,,,,,,,,,,,,,,,,,
1555997540000,,,,,,,,,,,,,,,,,,,,,,,,,,,,,,,,,
1556007580000,,,,,,,,,,,,,,,,,,,,,,,,,,,,,,,,,
1556017590000,,,,,,,,,,,,,,,,,,,,,,,,,,,,,,,,,
1556027590000,,,,,,,,,,,,,,,,,,,,,,,,,,,,,,,,,
1556037590000,,,,,,,,,,,,,,,,,,,,,,,,,,,,,,,,,
1556047590000,,,,,,,,,,,,,,,,,,,,,,,,,,,,,,,,,
1556057590000,,,,,,,,,,,,,,,,,,,,,,,,,,,,,,,,,
1556067590000,,,,,,,,,,,,,,,,,,,,,,,,,,,,,,,,,
1556077620000,,,,,,,,,,,,,,,,,,,,,,,,,,,,,,,,,
1556087630000,,,,,,,,,,,,,,,,,,,,,,,,,,,,,,,,,
1556097640000,,,,,,,,,,,,,,,,,,,,,,,,,,,,,,,,,
1556107640000,,,,,,,,,,,,,,,,,,,,,,,,,,,,,,,,,
1556117640000,,,,,,,,,,,,,,,,,,,,,,,,,,,,,,,,,
1556127640000,,,,,,,,,,,,,,,,,,,,,,,,,,,,,,,,,
1556137640000,,,,,,,,,,,,,,,,,,,,,,,,,,,,,,,,,
1556147640000,,,,,,,,,,,,,,,,,,,,,,,,,,,,,,,,,
1556157640000,,,,,,,,,,,,,,,,,,,,,,,,,,,,,,,,,
1556167650000,,,,,,,,,,,,,,,,,,,,,,,,,,,,,,,,,
1556177660000,,,,,,,,,,,,,,,,,,,,,,,,,,,,,,,,,
1556187700000,,,,,,,,,,,,,,,,,,,,,,,,,,,,,,,,,
1556197710000,,,,,,,,,,,,,,,,,,,,,,,,,,,,,,,,,
1556207710000,,,,,,,,,,,,,,,,,,,,,,,,,,,,,,,,,
1556217710000,,,,,,,,,,,,,,,,,,,,,,,,,,,,,,,,,
1556227710000,,,,,,,,,,,,,,,,,,,,,,,,,,,,,,,,,
1556237710000,,,,,,,,,,,,,,,,,,,,,,,,,,,,,,,,,
1556247720000,,,,,,,,,,,,,,,,,,,,,,,,,,,,,,,,,
1556257720000,,,,,,,,,,,,,,,,,,,,,,,,,,,,,,,,,
1556267730000,,,,,,,,,,,,,,,,,,,,,,,,,,,,,,,,,
1556277730000,,,,,,,,,,,,,,,,,,,,,,,,,,,,,,,,,
1556287730000,,,,,,,,,,,,,,,,,,,,,,,,,,,,,,,,,
1556297750000,,,,,,,,,,,,,,,,,,,,,,,,,,,,,,,,,
1556307780000,,,,,,,,,,,,,,,,,,,,,,,,,,,,,,,,,
1556317790000,,,,,,,,,,,,,,,,,,,,,,,,,,,,,,,,,
1556327850000,,,,,,,,,,,,,,,,,,,,,,,,,,,,,,,,,
1556338000000,,,,,,,,,,,,,,,,,,,,,,,,,,,,,,,,,
1556348310000,,,,,,,,,,,,,,,,,,,,,,,,,,,,,,,,,
1556358530000,,,,,,,,,,,,,,,,,,,,,,,,,,,,,,,,,
1556368750000,,,,,,,,,,,,,,,,,,,,,,,,,,,,,,,,,
1556379090000,,,,,,,,,,,,,,,,,,,,,,,,,,,,,,,,,
1556389280000,,,,,,,,,,,,,,,,,,,,,,,,,,,,,,,,,
1556399640000,,,,,,,,,,,,,,,,,,,,,,,,,,,,,,,,,
1556410070000,,,,,,,,,,,,,,,,,,,,,,,,,,,,,,,,,
1556420270000,,,,,,,,,,,,,,,,,,,,,,,,,,,,,,,,,
1556430770000,,,,,,,,,,,,,,,,,,,,,,,,,,,,,,,,,
1556441390000,,,,,,,,,,,,,,,,,,,,,,,,,,,,,,,,,
1556451800000,,,,,,,,,,,,,,,,,,,,,,,,,,,,,,,,,
1556462340000,,,,,,,,,,,,,,,,,,,,,,,,,,,,,,,,,
1556472810000,,,,,,,,,,,,,,,,,,,,,,,,,,,,,,,,,
1556483430000,,,,,,,,,,,,,,,,,,,,,,,,,,,,,,,,,
1556493980000,,,,,,,,,,,,,,,,,,,,,,,,,,,,,,,,,
1556504530000,,,,,,,,,,,,,,,,,,,,,,,,,,,,,,,,,
1556515050000,,,,,,,,,,,,,,,,,,,,,,,,,,,,,,,,,
1556525530000,,,,,,,,,,,,,,,,,,,,,,,,,,,,,,,,,
1556535910000,,,,,,,,,,,,,,,,,,,,,,,,,,,,,,,,,
1556546480000,,,,,,,,,,,,,,,,,,,,,,,,,,,,,,,,,
1556557200000,,,,,,,,,,,,,,,,,,,,,,,,,,,,,,,,,
1556567480000,,,,,,,,,,,,,,,,,,,,,,,,,,,,,,,,,
1556578060000,,,,,,,,,,,,,,,,,,,,,,,,,,,,,,,,,
1556588480000,,,,,,,,,,,,,,,,,,,,,,,,,,,,,,,,,
1556599050000,,,,,,,,,,,,,,,,,,,,,,,,,,,,,,,,,
1556609550000,,,,,,,,,,,,,,,,,,,,,,,,,,,,,,,,,
1556619730000,,,,,,,,,,,,,,,,,,,,,,,,,,,,,,,,,
1556630270000,,,,,,,,,,,,,,,,,,,,,,,,,,,,,,,,,
1556640940000,,,,,,,,,,,,,,,,,,,,,,,,,,,,,,,,,
1556651530000,,,,,,,,,,,,,,,,,,,,,,,,,,,,,,,,,
1556661760000,,,,,,,,,,,,,,,,,,,,,,,,,,,,,,,,,
1556672310000,,,,,,,,,,,,,,,,,,,,,,,,,,,,,,,,,
1556682670000,,,,,,,,,,,,,,,,,,,,,,,,,,,,,,,,,
1556692670000,,,,,,,,,,,,,,,,,,,,,,,,,,,,,,,,,
1556702700000,,,,,,,,,,,,,,,,,,,,,,,,,,,,,,,,,
1556712850000,,,,,,,,,,,,,,,,,,,,,,,,,,,,,,,,,
1556722900000,,,,,,,,,,,,,,,,,,,,,,,,,,,,,,,,,
1556732960000,,,,,,,,,,,,,,,,,,,,,,,,,,,,,,,,,
1556743060000,,,,,,,,,,,,,,,,,,,,,,,,,,,,,,,,,
1556753440000,,,,,,,,,,,,,,,,,,,,,,,,,,,,,,,,,
1556763440000,,,,,,,,,,,,,,,,,,,,,,,,,,,,,,,,,
1556773440000,,,,,,,,,,,,,,,,,,,,,,,,,,,,,,,,,
1556783440000,,,,,,,,,,,,,,,,,,,,,,,,,,,,,,,,,
1556793440000,,,,,,,,,,,,,,,,,,,,,,,,,,,,,,,,,
1556803440000,,,,,,,,,,,,,,,,,,,,,,,,,,,,,,,,,
1556813820000,,,,,,,,,,,,,,,,,,,,,,,,,,,,,,,,,
1556823820000,,,,,,,,,,,,,,,,,,,,,,,,,,,,,,,,,
1556833820000,,,,,,,,,,,,,,,,,,,,,,,,,,,,,,,,,
1556843820000,,,,,,,,,,,,,,,,,,,,,,,,,,,,,,,,,
1556853820000,,,,,,,,,,,,,,,,,,,,,,,,,,,,,,,,,
1556863820000,,,,,,,,,,,,,,,,,,,,,,,,,,,,,,,,,
1556873820000,,,,,,,,,,,,,,,,,,,,,,,,,,,,,,,,,
1556883830000,,,,,,,,,,,,,,,,,,,,,,,,,,,,,,,,,
1556893830000,,,,,,,,,,,,,,,,,,,,,,,,,,,,,,,,,
1556903830000,,,,,,,,,,,,,,,,,,,,,,,,,,,,,,,,,
1556913830000,,,,,,,,,,,,,,,,,,,,,,,,,,,,,,,,,
1556923830000,,,,,,,,,,,,,,,,,,,,,,,,,,,,,,,,,
1556933830000,,,,,,,,,,,,,,,,,,,,,,,,,,,,,,,,,
1556943830000,,,,,,,,,,,,,,,,,,,,,,,,,,,,,,,,,
1556953830000,,,,,,,,,,,,,,,,,,,,,,,,,,,,,,,,,
1556963830000,,,,,,,,,,,,,,,,,,,,,,,,,,,,,,,,,
1556973830000,,,,,,,,,,,,,,,,,,,,,,,,,,,,,,,,,
1556983830000,,,,,,,,,,,,,,,,,,,,,,,,,,,,,,,,,
1556993830000,,,,,,,,,,,,,,,,,,,,,,,,,,,,,,,,,
1557003830000,,,,,,,,,,,,,,,,,,,,,,,,,,,,,,,,,
1557013830000,,,,,,,,,,,,,,,,,,,,,,,,,,,,,,,,,
1557023830000,,,,,,,,,,,,,,,,,,,,,,,,,,,,,,,,,
1557033900000,,,,,,,,,,,,,,,,,,,,,,,,,,,,,,,,,
1557043960000,,,,,,,,,,,,,,,,,,,,,,,,,,,,,,,,,
1557053970000,,,,,,,,,,,,,,,,,,,,,,,,,,,,,,,,,
1557063970000,,,,,,,,,,,,,,,,,,,,,,,,,,,,,,,,,
1557073970000,,,,,,,,,,,,,,,,,,,,,,,,,,,,,,,,,
1557083970000,,,,,,,,,,,,,,,,,,,,,,,,,,,,,,,,,
1557094050000,,,,,,,,,,,,,,,,,,,,,,,,,,,,,,,,,
1557104140000,,,,,,,,,,,,,,,,,,,,,,,,,,,,,,,,,
1557114170000,,,,,,,,,,,,,,,,,,,,,,,,,,,,,,,,,
1557124170000,,,,,,,,,,,,,,,,,,,,,,,,,,,,,,,,,
1557134230000,,,,,,,,,,,,,,,,,,,,,,,,,,,,,,,,,
1557144230000,,,,,,,,,,,,,,,,,,,,,,,,,,,,,,,,,
1557154230000,,,,,,,,,,,,,,,,,,,,,,,,,,,,,,,,,
1557164240000,,,,,,,,,,,,,,,,,,,,,,,,,,,,,,,,,
1557174250000,,,,,,,,,,,,,,,,,,,,,,,,,,,,,,,,,
1557184260000,,,,,,,,,,,,,,,,,,,,,,,,,,,,,,,,,
1557194270000,,,,,,,,,,,,,,,,,,,,,,,,,,,,,,,,,
1557204290000,,,,,,,,,,,,,,,,,,,,,,,,,,,,,,,,,
1557214340000,,,,,,,,,,,,,,,,,,,,,,,,,,,,,,,,,
1557224340000,,,,,,,,,,,,,,,,,,,,,,,,,,,,,,,,,
1557234340000,,,,,,,,,,,,,,,,,,,,,,,,,,,,,,,,,
1557244360000,,,,,,,,,,,,,,,,,,,,,,,,,,,,,,,,,
1557254370000,,,,,,,,,,,,,,,,,,,,,,,,,,,,,,,,,
1557264380000,,,,,,,,,,,,,,,,,,,,,,,,,,,,,,,,,
1557274380000,,,,,,,,,,,,,,,,,,,,,,,,,,,,,,,,,
1557284410000,,,,,,,,,,,,,,,,,,,,,,,,,,,,,,,,,
1557294450000,,,,,,,,,,,,,,,,,,,,,,,,,,,,,,,,,
1557304470000,,,,,,,,,,,,,,,,,,,,,,,,,,,,,,,,,
1557314470000,,,,,,,,,,,,,,,,,,,,,,,,,,,,,,,,,
1557324470000,,,,,,,,,,,,,,,,,,,,,,,,,,,,,,,,,
1557334470000,,,,,,,,,,,,,,,,,,,,,,,,,,,,,,,,,
1557344480000,,,,,,,,,,,,,,,,,,,,,,,,,,,,,,,,,
1557354480000,,,,,,,,,,,,,,,,,,,,,,,,,,,,,,,,,
1557364580000,,,,,,,,,,,,,,,,,,,,,,,,,,,,,,,,,
1557374640000,,,,,,,,,,,,,,,,,,,,,,,,,,,,,,,,,
1557384660000,,,,,,,,,,,,,,,,,,,,,,,,,,,,,,,,,
1557394700000,,,,,,,,,,,,,,,,,,,,,,,,,,,,,,,,,
1557404730000,,,,,,,,,,,,,,,,,,,,,,,,,,,,,,,,,
1557414730000,,,,,,,,,,,,,,,,,,,,,,,,,,,,,,,,,
1557424740000,,,,,,,,,,,,,,,,,,,,,,,,,,,,,,,,,
1557434740000,,,,,,,,,,,,,,,,,,,,,,,,,,,,,,,,,
1557444740000,,,,,,,,,,,,,,,,,,,,,,,,,,,,,,,,,
1557454820000,,,,,,,,,,,,,,,,,,,,,,,,,,,,,,,,,
1557464820000,,,,,,,,,,,,,,,,,,,,,,,,,,,,,,,,,
1557474830000,,,,,,,,,,,,,,,,,,,,,,,,,,,,,,,,,
1557484840000,,,,,,,,,,,,,,,,,,,,,,,,,,,,,,,,,
1557494920000,,,,,,,,,,,,,,,,,,,,,,,,,,,,,,,,,
1557505010000,,,,,,,,,,,,,,,,,,,,,,,,,,,,,,,,,
1557515010000,,,,,,,,,,,,,,,,,,,,,,,,,,,,,,,,,
1557525010000,,,,,,,,,,,,,,,,,,,,,,,,,,,,,,,,,
1557535030000,,,,,,,,,,,,,,,,,,,,,,,,,,,,,,,,,
1557545080000,,,,,,,,,,,,,,,,,,,,,,,,,,,,,,,,,
1557555090000,,,,,,,,,,,,,,,,,,,,,,,,,,,,,,,,,
1557565130000,,,,,,,,,,,,,,,,,,,,,,,,,,,,,,,,,
1557575130000,,,,,,,,,,,,,,,,,,,,,,,,,,,,,,,,,
1557585130000,,,,,,,,,,,,,,,,,,,,,,,,,,,,,,,,,
1557595240000,,,,,,,,,,,,,,,,,,,,,,,,,,,,,,,,,
1557605350000,,,,,,,,,,,,,,,,,,,,,,,,,,,,,,,,,
1557615350000,,,,,,,,,,,,,,,,,,,,,,,,,,,,,,,,,
1557625350000,,,,,,,,,,,,,,,,,,,,,,,,,,,,,,,,,
1557635350000,,,,,,,,,,,,,,,,,,,,,,,,,,,,,,,,,
1557645350000,,,,,,,,,,,,,,,,,,,,,,,,,,,,,,,,,
1557655350000,,,,,,,,,,,,,,,,,,,,,,,,,,,,,,,,,
1557665350000,,,,,,,,,,,,,,,,,,,,,,,,,,,,,,,,,
1557675350000,,,,,,,,,,,,,,,,,,,,,,,,,,,,,,,,,
1557685350000,,,,,,,,,,,,,,,,,,,,,,,,,,,,,,,,,
1557695350000,,,,,,,,,,,,,,,,,,,,,,,,,,,,,,,,,
1557705350000,,,,,,,,,,,,,,,,,,,,,,,,,,,,,,,,,
1557715370000,,,,,,,,,,,,,,,,,,,,,,,,,,,,,,,,,
1557725370000,,,,,,,,,,,,,,,,,,,,,,,,,,,,,,,,,
1557735390000,,,,,,,,,,,,,,,,,,,,,,,,,,,,,,,,,
1557745600000,,,,,,,,,,,,,,,,,,,,,,,,,,,,,,,,,
1557755600000,,,,,,,,,,,,,,,,,,,,,,,,,,,,,,,,,
1557765600000,,,,,,,,,,,,,,,,,,,,,,,,,,,,,,,,,
1557775600000,,,,,,,,,,,,,,,,,,,,,,,,,,,,,,,,,
1557785630000,,,,,,,,,,,,,,,,,,,,,,,,,,,,,,,,,
1557795630000,,,,,,,,,,,,,,,,,,,,,,,,,,,,,,,,,
1557805630000,,,,,,,,,,,,,,,,,,,,,,,,,,,,,,,,,
1557815680000,,,,,,,,,,,,,,,,,,,,,,,,,,,,,,,,,
1557825700000,,,,,,,,,,,,,,,,,,,,,,,,,,,,,,,,,
1557835720000,,,,,,,,,,,,,,,,,,,,,,,,,,,,,,,,,
1557845720000,,,,,,,,,,,,,,,,,,,,,,,,,,,,,,,,,
1557855730000,,,,,,,,,,,,,,,,,,,,,,,,,,,,,,,,,
1557865730000,,,,,,,,,,,,,,,,,,,,,,,,,,,,,,,,,
1557875730000,,,,,,,,,,,,,,,,,,,,,,,,,,,,,,,,,
1557885730000,,,,,,,,,,,,,,,,,,,,,,,,,,,,,,,,,
1557895730000,,,,,,,,,,,,,,,,,,,,,,,,,,,,,,,,,
1557905730000,,,,,,,,,,,,,,,,,,,,,,,,,,,,,,,,,
1557915740000,,,,,,,,,,,,,,,,,,,,,,,,,,,,,,,,,
1557925740000,,,,,,,,,,,,,,,,,,,,,,,,,,,,,,,,,
1557935740000,,,,,,,,,,,,,,,,,,,,,,,,,,,,,,,,,
1557945750000,,,,,,,,,,,,,,,,,,,,,,,,,,,,,,,,,
1557955760000,,,,,,,,,,,,,,,,,,,,,,,,,,,,,,,,,
1557965760000,,,,,,,,,,,,,,,,,,,,,,,,,,,,,,,,,
1557975790000,,,,,,,,,,,,,,,,,,,,,,,,,,,,,,,,,
1557985820000,,,,,,,,,,,,,,,,,,,,,,,,,,,,,,,,,
1557995840000,,,,,,,,,,,,,,,,,,,,,,,,,,,,,,,,,
1558005840000,,,,,,,,,,,,,,,,,,,,,,,,,,,,,,,,,
1558015840000,,,,,,,,,,,,,,,,,,,,,,,,,,,,,,,,,
1558025840000,,,,,,,,,,,,,,,,,,,,,,,,,,,,,,,,,
1558035840000,,,,,,,,,,,,,,,,,,,,,,,,,,,,,,,,,
1558045840000,,,,,,,,,,,,,,,,,,,,,,,,,,,,,,,,,
1558055840000,,,,,,,,,,,,,,,,,,,,,,,,,,,,,,,,,
1558065850000,,,,,,,,,,,,,,,,,,,,,,,,,,,,,,,,,
1558075850000,,,,,,,,,,,,,,,,,,,,,,,,,,,,,,,,,
1558085870000,,,,,,,,,,,,,,,,,,,,,,,,,,,,,,,,,
1558095870000,,,,,,,,,,,,,,,,,,,,,,,,,,,,,,,,,
1558105870000,,,,,,,,,,,,,,,,,,,,,,,,,,,,,,,,,
1558115870000,,,,,,,,,,,,,,,,,,,,,,,,,,,,,,,,,
1558125870000,,,,,,,,,,,,,,,,,,,,,,,,,,,,,,,,,
1558135870000,,,,,,,,,,,,,,,,,,,,,,,,,,,,,,,,,
1558145870000,,,,,,,,,,,,,,,,,,,,,,,,,,,,,,,,,
1558155890000,,,,,,,,,,,,,,,,,,,,,,,,,,,,,,,,,
1558165890000,,,,,,,,,,,,,,,,,,,,,,,,,,,,,,,,,
1558175890000,,,,,,,,,,,,,,,,,,,,,,,,,,,,,,,,,
1558185890000,,,,,,,,,,,,,,,,,,,,,,,,,,,,,,,,,
1558195890000,,,,,,,,,,,,,,,,,,,,,,,,,,,,,,,,,
1558205890000,,,,,,,,,,,,,,,,,,,,,,,,,,,,,,,,,
1558215890000,,,,,,,,,,,,,,,,,,,,,,,,,,,,,,,,,
1558225900000,,,,,,,,,,,,,,,,,,,,,,,,,,,,,,,,,
1558235900000,,,,,,,,,,,,,,,,,,,,,,,,,,,,,,,,,
1558245900000,,,,,,,,,,,,,,,,,,,,,,,,,,,,,,,,,
1558255900000,,,,,,,,,,,,,,,,,,,,,,,,,,,,,,,,,
1558265910000,,,,,,,,,,,,,,,,,,,,,,,,,,,,,,,,,
1558275910000,,,,,,,,,,,,,,,,,,,,,,,,,,,,,,,,,
1558285910000,,,,,,,,,,,,,,,,,,,,,,,,,,,,,,,,,
1558295910000,,,,,,,,,,,,,,,,,,,,,,,,,,,,,,,,,
1558305910000,,,,,,,,,,,,,,,,,,,,,,,,,,,,,,,,,
1558315910000,,,,,,,,,,,,,,,,,,,,,,,,,,,,,,,,,
1558325910000,,,,,,,,,,,,,,,,,,,,,,,,,,,,,,,,,
1558335920000,,,,,,,,,,,,,,,,,,,,,,,,,,,,,,,,,
1558345950000,,,,,,,,,,,,,,,,,,,,,,,,,,,,,,,,,
1558355960000,,,,,,,,,,,,,,,,,,,,,,,,,,,,,,,,,
1558365960000,,,,,,,,,,,,,,,,,,,,,,,,,,,,,,,,,
1558375960000,,,,,,,,,,,,,,,,,,,,,,,,,,,,,,,,,
1558385960000,,,,,,,,,,,,,,,,,,,,,,,,,,,,,,,,,
1558395960000,,,,,,,,,,,,,,,,,,,,,,,,,,,,,,,,,
1558405960000,,,,,,,,,,,,,,,,,,,,,,,,,,,,,,,,,
1558416000000,,,,,,,,,,,,,,,,,,,,,,,,,,,,,,,,,
1558426010000,,,,,,,,,,,,,,,,,,,,,,,,,,,,,,,,,
1558436010000,,,,,,,,,,,,,,,,,,,,,,,,,,,,,,,,,
1558446020000,,,,,,,,,,,,,,,,,,,,,,,,,,,,,,,,,
1558456020000,,,,,,,,,,,,,,,,,,,,,,,,,,,,,,,,,
1558466020000,,,,,,,,,,,,,,,,,,,,,,,,,,,,,,,,,
1558476020000,,,,,,,,,,,,,,,,,,,,,,,,,,,,,,,,,
1558486020000,,,,,,,,,,,,,,,,,,,,,,,,,,,,,,,,,
1558496020000,,,,,,,,,,,,,,,,,,,,,,,,,,,,,,,,,
1558506030000,,,,,,,,,,,,,,,,,,,,,,,,,,,,,,,,,
1558516040000,,,,,,,,,,,,,,,,,,,,,,,,,,,,,,,,,
1558526040000,,,,,,,,,,,,,,,,,,,,,,,,,,,,,,,,,
1558536040000,,,,,,,,,,,,,,,,,,,,,,,,,,,,,,,,,
1558546050000,,,,,,,,,,,,,,,,,,,,,,,,,,,,,,,,,
1558556050000,,,,,,,,,,,,,,,,,,,,,,,,,,,,,,,,,
1558566050000,,,,,,,,,,,,,,,,,,,,,,,,,,,,,,,,,
1558576070000,,,,,,,,,,,,,,,,,,,,,,,,,,,,,,,,,
1558586110000,,,,,,,,,,,,,,,,,,,,,,,,,,,,,,,,,
1558596140000,,,,,,,,,,,,,,,,,,,,,,,,,,,,,,,,,
1558606160000,,,,,,,,,,,,,,,,,,,,,,,,,,,,,,,,,
1558616180000,,,,,,,,,,,,,,,,,,,,,,,,,,,,,,,,,
1558626180000,,,,,,,,,,,,,,,,,,,,,,,,,,,,,,,,,
1558636190000,,,,,,,,,,,,,,,,,,,,,,,,,,,,,,,,,
1558646190000,,,,,,,,,,,,,,,,,,,,,,,,,,,,,,,,,
1558656190000,,,,,,,,,,,,,,,,,,,,,,,,,,,,,,,,,
1558666190000,,,,,,,,,,,,,,,,,,,,,,,,,,,,,,,,,
1558676230000,,,,,,,,,,,,,,,,,,,,,,,,,,,,,,,,,
1558686260000,,,,,,,,,,,,,,,,,,,,,,,,,,,,,,,,,
1558696260000,,,,,,,,,,,,,,,,,,,,,,,,,,,,,,,,,
1558706270000,,,,,,,,,,,,,,,,,,,,,,,,,,,,,,,,,
1558716270000,,,,,,,,,,,,,,,,,,,,,,,,,,,,,,,,,
1558726310000,,,,,,,,,,,,,,,,,,,,,,,,,,,,,,,,,
1558736320000,,,,,,,,,,,,,,,,,,,,,,,,,,,,,,,,,
1558746320000,,,,,,,,,,,,,,,,,,,,,,,,,,,,,,,,,
1558756360000,,,,,,,,,,,,,,,,,,,,,,,,,,,,,,,,,
1558766390000,,,,,,,,,,,,,,,,,,,,,,,,,,,,,,,,,
1558776410000,,,,,,,,,,,,,,,,,,,,,,,,,,,,,,,,,
1558786490000,,,,,,,,,,,,,,,,,,,,,,,,,,,,,,,,,
1558796590000,,,,,,,,,,,,,,,,,,,,,,,,,,,,,,,,,
1558806690000,,,,,,,,,,,,,,,,,,,,,,,,,,,,,,,,,
1558816770000,,,,,,,,,,,,,,,,,,,,,,,,,,,,,,,,,
1558826850000,,,,,,,,,,,,,,,,,,,,,,,,,,,,,,,,,
1558836930000,,,,,,,,,,,,,,,,,,,,,,,,,,,,,,,,,
1558847010000,,,,,,,,,,,,,,,,,,,,,,,,,,,,,,,,,
1558857100000,,,,,,,,,,,,,,,,,,,,,,,,,,,,,,,,,
1558867190000,,,,,,,,,,,,,,,,,,,,,,,,,,,,,,,,,
1558877250000,,,,,,,,,,,,,,,,,,,,,,,,,,,,,,,,,
1558887310000,,,,,,,,,,,,,,,,,,,,,,,,,,,,,,,,,
1558897370000,,,,,,,,,,,,,,,,,,,,,,,,,,,,,,,,,
1558907470000,,,,,,,,,,,,,,,,,,,,,,,,,,,,,,,,,
1558917550000,,,,,,,,,,,,,,,,,,,,,,,,,,,,,,,,,
1558927610000,,,,,,,,,,,,,,,,,,,,,,,,,,,,,,,,,
1558937740000,,,,,,,,,,,,,,,,,,,,,,,,,,,,,,,,,
1558947830000,,,,,,,,,,,,,,,,,,,,,,,,,,,,,,,,,
1558957940000,,,,,,,,,,,,,,,,,,,,,,,,,,,,,,,,,
1558968070000,,,,,,,,,,,,,,,,,,,,,,,,,,,,,,,,,
1558978160000,,,,,,,,,,,,,,,,,,,,,,,,,,,,,,,,,
1558988300000,,,,,,,,,,,,,,,,,,,,,,,,,,,,,,,,,
1558998410000,,,,,,,,,,,,,,,,,,,,,,,,,,,,,,,,,
1559008500000,,,,,,,,,,,,,,,,,,,,,,,,,,,,,,,,,
1559018590000,,,,,,,,,,,,,,,,,,,,,,,,,,,,,,,,,
1559028720000,,,,,,,,,,,,,,,,,,,,,,,,,,,,,,,,,
1559038830000,,,,,,,,,,,,,,,,,,,,,,,,,,,,,,,,,
1559048890000,,,,,,,,,,,,,,,,,,,,,,,,,,,,,,,,,
1559058960000,,,,,,,,,,,,,,,,,,,,,,,,,,,,,,,,,
1559069050000,,,,,,,,,,,,,,,,,,,,,,,,,,,,,,,,,
1559079100000,,,,,,,,,,,,,,,,,,,,,,,,,,,,,,,,,
1559089200000,,,,,,,,,,,,,,,,,,,,,,,,,,,,,,,,,
1559099260000,,,,,,,,,,,,,,,,,,,,,,,,,,,,,,,,,
1559109420000,,,,,,,,,,,,,,,,,,,,,,,,,,,,,,,,,
1559119500000,,,,,,,,,,,,,,,,,,,,,,,,,,,,,,,,,
1559129590000,,,,,,,,,,,,,,,,,,,,,,,,,,,,,,,,,
1559139680000,,,,,,,,,,,,,,,,,,,,,,,,,,,,,,,,,
1559149790000,,,,,,,,,,,,,,,,,,,,,,,,,,,,,,,,,
1559159880000,,,,,,,,,,,,,,,,,,,,,,,,,,,,,,,,,
1559169950000,,,,,,,,,,,,,,,,,,,,,,,,,,,,,,,,,
1559180040000,,,,,,,,,,,,,,,,,,,,,,,,,,,,,,,,,
1559190100000,,,,,,,,,,,,,,,,,,,,,,,,,,,,,,,,,
1559200200000,,,,,,,,,,,,,,,,,,,,,,,,,,,,,,,,,
1559210290000,,,,,,,,,,,,,,,,,,,,,,,,,,,,,,,,,
1559220420000,,,,,,,,,,,,,,,,,,,,,,,,,,,,,,,,,
1559230520000,,,,,,,,,,,,,,,,,,,,,,,,,,,,,,,,,
1559240630000,,,,,,,,,,,,,,,,,,,,,,,,,,,,,,,,,
1559250670000,,,,,,,,,,,,,,,,,,,,,,,,,,,,,,,,,
1559260770000,,,,,,,,,,,,,,,,,,,,,,,,,,,,,,,,,
1559270890000,,,,,,,,,,,,,,,,,,,,,,,,,,,,,,,,,
1559280990000,,,,,,,,,,,,,,,,,,,,,,,,,,,,,,,,,
1559291070000,,,,,,,,,,,,,,,,,,,,,,,,,,,,,,,,,
1559301230000,,,,,,,,,,,,,,,,,,,,,,,,,,,,,,,,,
1559311230000,,,,,,,,,,,,,,,,,,,,,,,,,,,,,,,,,
1559321250000,,,,,,,,,,,,,,,,,,,,,,,,,,,,,,,,,
1559331250000,,,,,,,,,,,,,,,,,,,,,,,,,,,,,,,,,
1559341250000,,,,,,,,,,,,,,,,,,,,,,,,,,,,,,,,,
1559351250000,,,,,,,,,,,,,,,,,,,,,,,,,,,,,,,,,
1559361250000,,,,,,,,,,,,,,,,,,,,,,,,,,,,,,,,,
1559371250000,,,,,,,,,,,,,,,,,,,,,,,,,,,,,,,,,
1559381260000,,,,,,,,,,,,,,,,,,,,,,,,,,,,,,,,,
1559391260000,,,,,,,,,,,,,,,,,,,,,,,,,,,,,,,,,
1559401260000,,,,,,,,,,,,,,,,,,,,,,,,,,,,,,,,,
1559411260000,,,,,,,,,,,,,,,,,,,,,,,,,,,,,,,,,
1559421260000,,,,,,,,,,,,,,,,,,,,,,,,,,,,,,,,,
1559431260000,,,,,,,,,,,,,,,,,,,,,,,,,,,,,,,,,
1559441260000,,,,,,,,,,,,,,,,,,,,,,,,,,,,,,,,,
1559451260000,,,,,,,,,,,,,,,,,,,,,,,,,,,,,,,,,
1559461260000,,,,,,,,,,,,,,,,,,,,,,,,,,,,,,,,,
1559471300000,,,,,,,,,,,,,,,,,,,,,,,,,,,,,,,,,
1559481300000,,,,,,,,,,,,,,,,,,,,,,,,,,,,,,,,,
1559491300000,,,,,,,,,,,,,,,,,,,,,,,,,,,,,,,,,
1559501310000,,,,,,,,,,,,,,,,,,,,,,,,,,,,,,,,,
1559511310000,,,,,,,,,,,,,,,,,,,,,,,,,,,,,,,,,
1559521310000,,,,,,,,,,,,,,,,,,,,,,,,,,,,,,,,,
1559531310000,,,,,,,,,,,,,,,,,,,,,,,,,,,,,,,,,
1559541360000,,,,,,,,,,,,,,,,,,,,,,,,,,,,,,,,,
1559551400000,,,,,,,,,,,,,,,,,,,,,,,,,,,,,,,,,
1559561400000,,,,,,,,,,,,,,,,,,,,,,,,,,,,,,,,,
1559571430000,,,,,,,,,,,,,,,,,,,,,,,,,,,,,,,,,
1559581430000,,,,,,,,,,,,,,,,,,,,,,,,,,,,,,,,,
1559591430000,,,,,,,,,,,,,,,,,,,,,,,,,,,,,,,,,
1559601430000,,,,,,,,,,,,,,,,,,,,,,,,,,,,,,,,,
1559611430000,,,,,,,,,,,,,,,,,,,,,,,,,,,,,,,,,
1559621460000,,,,,,,,,,,,,,,,,,,,,,,,,,,,,,,,,
1559631500000,,,,,,,,,,,,,,,,,,,,,,,,,,,,,,,,,
1559641550000,,,,,,,,,,,,,,,,,,,,,,,,,,,,,,,,,
1559651560000,,,,,,,,,,,,,,,,,,,,,,,,,,,,,,,,,
1559661570000,,,,,,,,,,,,,,,,,,,,,,,,,,,,,,,,,
1559671580000,,,,,,,,,,,,,,,,,,,,,,,,,,,,,,,,,
1559681580000,,,,,,,,,,,,,,,,,,,,,,,,,,,,,,,,,
1559691580000,,,,,,,,,,,,,,,,,,,,,,,,,,,,,,,,,
1559701580000,,,,,,,,,,,,,,,,,,,,,,,,,,,,,,,,,
1559711650000,,,,,,,,,,,,,,,,,,,,,,,,,,,,,,,,,
1559721660000,,,,,,,,,,,,,,,,,,,,,,,,,,,,,,,,,
1559731730000,,,,,,,,,,,,,,,,,,,,,,,,,,,,,,,,,
1559741730000,,,,,,,,,,,,,,,,,,,,,,,,,,,,,,,,,
1559751730000,,,,,,,,,,,,,,,,,,,,,,,,,,,,,,,,,
1559761730000,,,,,,,,,,,,,,,,,,,,,,,,,,,,,,,,,
1559771730000,,,,,,,,,,,,,,,,,,,,,,,,,,,,,,,,,
1559781730000,,,,,,,,,,,,,,,,,,,,,,,,,,,,,,,,,
1559791800000,,,,,,,,,,,,,,,,,,,,,,,,,,,,,,,,,
1559801800000,,,,,,,,,,,,,,,,,,,,,,,,,,,,,,,,,
1559811800000,,,,,,,,,,,,,,,,,,,,,,,,,,,,,,,,,
1559821810000,,,,,,,,,,,,,,,,,,,,,,,,,,,,,,,,,
1559831810000,,,,,,,,,,,,,,,,,,,,,,,,,,,,,,,,,
1559841820000,,,,,,,,,,,,,,,,,,,,,,,,,,,,,,,,,
1559851820000,,,,,,,,,,,,,,,,,,,,,,,,,,,,,,,,,
1559861820000,,,,,,,,,,,,,,,,,,,,,,,,,,,,,,,,,
1559871820000,,,,,,,,,,,,,,,,,,,,,,,,,,,,,,,,,
1559881820000,,,,,,,,,,,,,,,,,,,,,,,,,,,,,,,,,
1559891820000,,,,,,,,,,,,,,,,,,,,,,,,,,,,,,,,,
1559901830000,,,,,,,,,,,,,,,,,,,,,,,,,,,,,,,,,
1559911830000,,,,,,,,,,,,,,,,,,,,,,,,,,,,,,,,,
1559921830000,,,,,,,,,,,,,,,,,,,,,,,,,,,,,,,,,
1559931830000,,,,,,,,,,,,,,,,,,,,,,,,,,,,,,,,,
1559941830000,,,,,,,,,,,,,,,,,,,,,,,,,,,,,,,,,
1559951830000,,,,,,,,,,,,,,,,,,,,,,,,,,,,,,,,,
1559961830000,,,,,,,,,,,,,,,,,,,,,,,,,,,,,,,,,
1559971830000,,,,,,,,,,,,,,,,,,,,,,,,,,,,,,,,,
1559981830000,,,,,,,,,,,,,,,,,,,,,,,,,,,,,,,,,
1559991830000,,,,,,,,,,,,,,,,,,,,,,,,,,,,,,,,,
1560001830000,,,,,,,,,,,,,,,,,,,,,,,,,,,,,,,,,
1560011850000,,,,,,,,,,,,,,,,,,,,,,,,,,,,,,,,,
1560021850000,,,,,,,,,,,,,,,,,,,,,,,,,,,,,,,,,
1560031850000,,,,,,,,,,,,,,,,,,,,,,,,,,,,,,,,,
1560041850000,,,,,,,,,,,,,,,,,,,,,,,,,,,,,,,,,
1560051850000,,,,,,,,,,,,,,,,,,,,,,,,,,,,,,,,,
1560061850000,,,,,,,,,,,,,,,,,,,,,,,,,,,,,,,,,
1560071850000,,,,,,,,,,,,,,,,,,,,,,,,,,,,,,,,,
1560081850000,,,,,,,,,,,,,,,,,,,,,,,,,,,,,,,,,
1560091850000,,,,,,,,,,,,,,,,,,,,,,,,,,,,,,,,,
1560101850000,,,,,,,,,,,,,,,,,,,,,,,,,,,,,,,,,
1560111850000,,,,,,,,,,,,,,,,,,,,,,,,,,,,,,,,,
1560121850000,,,,,,,,,,,,,,,,,,,,,,,,,,,,,,,,,
1560131850000,,,,,,,,,,,,,,,,,,,,,,,,,,,,,,,,,
1560141850000,,,,,,,,,,,,,,,,,,,,,,,,,,,,,,,,,
1560151850000,,,,,,,,,,,,,,,,,,,,,,,,,,,,,,,,,
1560162020000,,,,,,,,,,,,,,,,,,,,,,,,,,,,,,,,,
1560172020000,,,,,,,,,,,,,,,,,,,,,,,,,,,,,,,,,
1560182020000,,,,,,,,,,,,,,,,,,,,,,,,,,,,,,,,,
1560192020000,,,,,,,,,,,,,,,,,,,,,,,,,,,,,,,,,
1560202020000,,,,,,,,,,,,,,,,,,,,,,,,,,,,,,,,,
1560212020000,,,,,,,,,,,,,,,,,,,,,,,,,,,,,,,,,
1560222020000,,,,,,,,,,,,,,,,,,,,,,,,,,,,,,,,,
1560232030000,,,,,,,,,,,,,,,,,,,,,,,,,,,,,,,,,
1560242060000,,,,,,,,,,,,,,,,,,,,,,,,,,,,,,,,,
1560252090000,,,,,,,,,,,,,,,,,,,,,,,,,,,,,,,,,
1560262090000,,,,,,,,,,,,,,,,,,,,,,,,,,,,,,,,,
1560272090000,,,,,,,,,,,,,,,,,,,,,,,,,,,,,,,,,
1560282090000,,,,,,,,,,,,,,,,,,,,,,,,,,,,,,,,,
1560292090000,,,,,,,,,,,,,,,,,,,,,,,,,,,,,,,,,
1560302090000,,,,,,,,,,,,,,,,,,,,,,,,,,,,,,,,,
1560312120000,,,,,,,,,,,,,,,,,,,,,,,,,,,,,,,,,
1560322130000,,,,,,,,,,,,,,,,,,,,,,,,,,,,,,,,,
1560332150000,,,,,,,,,,,,,,,,,,,,,,,,,,,,,,,,,
1560342150000,,,,,,,,,,,,,,,,,,,,,,,,,,,,,,,,,
1560352150000,,,,,,,,,,,,,,,,,,,,,,,,,,,,,,,,,
1560362150000,,,,,,,,,,,,,,,,,,,,,,,,,,,,,,,,,
1560372150000,,,,,,,,,,,,,,,,,,,,,,,,,,,,,,,,,
1560382150000,,,,,,,,,,,,,,,,,,,,,,,,,,,,,,,,,
1560392160000,,,,,,,,,,,,,,,,,,,,,,,,,,,,,,,,,
1560402160000,,,,,,,,,,,,,,,,,,,,,,,,,,,,,,,,,
1560412180000,,,,,,,,,,,,,,,,,,,,,,,,,,,,,,,,,
1560422190000,,,,,,,,,,,,,,,,,,,,,,,,,,,,,,,,,
1560432230000,,,,,,,,,,,,,,,,,,,,,,,,,,,,,,,,,
1560442250000,,,,,,,,,,,,,,,,,,,,,,,,,,,,,,,,,
1560452260000,,,,,,,,,,,,,,,,,,,,,,,,,,,,,,,,,
1560462290000,,,,,,,,,,,,,,,,,,,,,,,,,,,,,,,,,
1560472290000,,,,,,,,,,,,,,,,,,,,,,,,,,,,,,,,,
1560482290000,,,,,,,,,,,,,,,,,,,,,,,,,,,,,,,,,
1560492300000,,,,,,,,,,,,,,,,,,,,,,,,,,,,,,,,,
1560502310000,,,,,,,,,,,,,,,,,,,,,,,,,,,,,,,,,
1560512330000,,,,,,,,,,,,,,,,,,,,,,,,,,,,,,,,,
1560522330000,,,,,,,,,,,,,,,,,,,,,,,,,,,,,,,,,
1560532330000,,,,,,,,,,,,,,,,,,,,,,,,,,,,,,,,,
1560542330000,,,,,,,,,,,,,,,,,,,,,,,,,,,,,,,,,
1560552330000,,,,,,,,,,,,,,,,,,,,,,,,,,,,,,,,,
1560562330000,,,,,,,,,,,,,,,,,,,,,,,,,,,,,,,,,
1560572350000,,,,,,,,,,,,,,,,,,,,,,,,,,,,,,,,,
1560582350000,,,,,,,,,,,,,,,,,,,,,,,,,,,,,,,,,
1560592360000,,,,,,,,,,,,,,,,,,,,,,,,,,,,,,,,,
1560602360000,,,,,,,,,,,,,,,,,,,,,,,,,,,,,,,,,
1560612360000,,,,,,,,,,,,,,,,,,,,,,,,,,,,,,,,,
1560622360000,,,,,,,,,,,,,,,,,,,,,,,,,,,,,,,,,
1560632390000,,,,,,,,,,,,,,,,,,,,,,,,,,,,,,,,,
1560642390000,,,,,,,,,,,,,,,,,,,,,,,,,,,,,,,,,
1560652390000,,,,,,,,,,,,,,,,,,,,,,,,,,,,,,,,,
1560662410000,,,,,,,,,,,,,,,,,,,,,,,,,,,,,,,,,
1560672430000,,,,,,,,,,,,,,,,,,,,,,,,,,,,,,,,,
1560682430000,,,,,,,,,,,,,,,,,,,,,,,,,,,,,,,,,
1560692430000,,,,,,,,,,,,,,,,,,,,,,,,,,,,,,,,,
1560702430000,,,,,,,,,,,,,,,,,,,,,,,,,,,,,,,,,
1560712430000,,,,,,,,,,,,,,,,,,,,,,,,,,,,,,,,,
1560722430000,,,,,,,,,,,,,,,,,,,,,,,,,,,,,,,,,
1560732430000,,,,,,,,,,,,,,,,,,,,,,,,,,,,,,,,,
1560742450000,,,,,,,,,,,,,,,,,,,,,,,,,,,,,,,,,
1560752460000,,,,,,,,,,,,,,,,,,,,,,,,,,,,,,,,,
1560762500000,,,,,,,,,,,,,,,,,,,,,,,,,,,,,,,,,
1560772500000,,,,,,,,,,,,,,,,,,,,,,,,,,,,,,,,,
1560782500000,,,,,,,,,,,,,,,,,,,,,,,,,,,,,,,,,
1560792500000,,,,,,,,,,,,,,,,,,,,,,,,,,,,,,,,,
1560802500000,,,,,,,,,,,,,,,,,,,,,,,,,,,,,,,,,
1560812500000,,,,,,,,,,,,,,,,,,,,,,,,,,,,,,,,,
1560822530000,,,,,,,,,,,,,,,,,,,,,,,,,,,,,,,,,
1560832570000,,,,,,,,,,,,,,,,,,,,,,,,,,,,,,,,,
1560842630000,,,,,,,,,,,,,,,,,,,,,,,,,,,,,,,,,
1560852680000,,,,,,,,,,,,,,,,,,,,,,,,,,,,,,,,,
1560862690000,,,,,,,,,,,,,,,,,,,,,,,,,,,,,,,,,
1560872690000,,,,,,,,,,,,,,,,,,,,,,,,,,,,,,,,,
1560882700000,,,,,,,,,,,,,,,,,,,,,,,,,,,,,,,,,
1560892700000,,,,,,,,,,,,,,,,,,,,,,,,,,,,,,,,,
1560902700000,,,,,,,,,,,,,,,,,,,,,,,,,,,,,,,,,
1560912760000,,,,,,,,,,,,,,,,,,,,,,,,,,,,,,,,,
1560922840000,,,,,,,,,,,,,,,,,,,,,,,,,,,,,,,,,
1560932960000,,,,,,,,,,,,,,,,,,,,,,,,,,,,,,,,,
1560942960000,,,,,,,,,,,,,,,,,,,,,,,,,,,,,,,,,
1560952960000,,,,,,,,,,,,,,,,,,,,,,,,,,,,,,,,,
1560962960000,,,,,,,,,,,,,,,,,,,,,,,,,,,,,,,,,
1560972960000,,,,,,,,,,,,,,,,,,,,,,,,,,,,,,,,,
1560982960000,,,,,,,,,,,,,,,,,,,,,,,,,,,,,,,,,
1560992970000,,,,,,,,,,,,,,,,,,,,,,,,,,,,,,,,,
1561003210000,,,,,,,,,,,,,,,,,,,,,,,,,,,,,,,,,
1561013310000,,,,,,,,,,,,,,,,,,,,,,,,,,,,,,,,,
1561023490000,,,,,,,,,,,,,,,,,,,,,,,,,,,,,,,,,
1561033500000,,,,,,,,,,,,,,,,,,,,,,,,,,,,,,,,,
1561043500000,,,,,,,,,,,,,,,,,,,,,,,,,,,,,,,,,
1561053500000,,,,,,,,,,,,,,,,,,,,,,,,,,,,,,,,,
1561063520000,,,,,,,,,,,,,,,,,,,,,,,,,,,,,,,,,
1561073520000,,,,,,,,,,,,,,,,,,,,,,,,,,,,,,,,,
1561083710000,,,,,,,,,,,,,,,,,,,,,,,,,,,,,,,,,
1561093770000,,,,,,,,,,,,,,,,,,,,,,,,,,,,,,,,,
1561104020000,,,,,,,,,,,,,,,,,,,,,,,,,,,,,,,,,
1561114180000,,,,,,,,,,,,,,,,,,,,,,,,,,,,,,,,,
1561124190000,,,,,,,,,,,,,,,,,,,,,,,,,,,,,,,,,
1561134190000,,,,,,,,,,,,,,,,,,,,,,,,,,,,,,,,,
1561144200000,,,,,,,,,,,,,,,,,,,,,,,,,,,,,,,,,
1561154220000,,,,,,,,,,,,,,,,,,,,,,,,,,,,,,,,,
1561164220000,,,,,,,,,,,,,,,,,,,,,,,,,,,,,,,,,
1561174320000,,,,,,,,,,,,,,,,,,,,,,,,,,,,,,,,,
1561184330000,,,,,,,,,,,,,,,,,,,,,,,,,,,,,,,,,
1561194450000,,,,,,,,,,,,,,,,,,,,,,,,,,,,,,,,,
1561204470000,,,,,,,,,,,,,,,,,,,,,,,,,,,,,,,,,
1561214480000,,,,,,,,,,,,,,,,,,,,,,,,,,,,,,,,,
1561224480000,,,,,,,,,,,,,,,,,,,,,,,,,,,,,,,,,
1561234480000,,,,,,,,,,,,,,,,,,,,,,,,,,,,,,,,,
1561244500000,,,,,,,,,,,,,,,,,,,,,,,,,,,,,,,,,
1561254500000,,,,,,,,,,,,,,,,,,,,,,,,,,,,,,,,,
1561264540000,,,,,,,,,,,,,,,,,,,,,,,,,,,,,,,,,
1561274650000,,,,,,,,,,,,,,,,,,,,,,,,,,,,,,,,,
1561284710000,,,,,,,,,,,,,,,,,,,,,,,,,,,,,,,,,
1561294720000,,,,,,,,,,,,,,,,,,,,,,,,,,,,,,,,,
1561304720000,,,,,,,,,,,,,,,,,,,,,,,,,,,,,,,,,
1561314730000,,,,,,,,,,,,,,,,,,,,,,,,,,,,,,,,,
1561324740000,,,,,,,,,,,,,,,,,,,,,,,,,,,,,,,,,
1561334740000,,,,,,,,,,,,,,,,,,,,,,,,,,,,,,,,,
1561345150000,,,,,,,,,,,,,,,,,,,,,,,,,,,,,,,,,
1561355310000,,,,,,,,,,,,,,,,,,,,,,,,,,,,,,,,,
1561365530000,,,,,,,,,,,,,,,,,,,,,,,,,,,,,,,,,
1561375530000,,,,,,,,,,,,,,,,,,,,,,,,,,,,,,,,,
1561385550000,,,,,,,,,,,,,,,,,,,,,,,,,,,,,,,,,
1561395550000,,,,,,,,,,,,,,,,,,,,,,,,,,,,,,,,,
1561405560000,,,,,,,,,,,,,,,,,,,,,,,,,,,,,,,,,
1561415560000,,,,,,,,,,,,,,,,,,,,,,,,,,,,,,,,,
1561425710000,,,,,,,,,,,,,,,,,,,,,,,,,,,,,,,,,
1561435970000,,,,,,,,,,,,,,,,,,,,,,,,,,,,,,,,,
1561446190000,,,,,,,,,,,,,,,,,,,,,,,,,,,,,,,,,
1561456540000,,,,,,,,,,,,,,,,,,,,,,,,,,,,,,,,,
1561466550000,,,,,,,,,,,,,,,,,,,,,,,,,,,,,,,,,
1561476560000,,,,,,,,,,,,,,,,,,,,,,,,,,,,,,,,,
1561486560000,,,,,,,,,,,,,,,,,,,,,,,,,,,,,,,,,
1561496560000,,,,,,,,,,,,,,,,,,,,,,,,,,,,,,,,,
1561506560000,,,,,,,,,,,,,,,,,,,,,,,,,,,,,,,,,
1561517240000,,,,,,,,,,,,,,,,,,,,,,,,,,,,,,,,,
1561527430000,,,,,,,,,,,,,,,,,,,,,,,,,,,,,,,,,
1561537900000,,,,,,,,,,,,,,,,,,,,,,,,,,,,,,,,,
1561547900000,,,,,,,,,,,,,,,,,,,,,,,,,,,,,,,,,
1561557990000,,,,,,,,,,,,,,,,,,,,,,,,,,,,,,,,,
1561568010000,,,,,,,,,,,,,,,,,,,,,,,,,,,,,,,,,
1561578010000,,,,,,,,,,,,,,,,,,,,,,,,,,,,,,,,,
1561588010000,,,,,,,,,,,,,,,,,,,,,,,,,,,,,,,,,
1561598020000,,,,,,,,,,,,,,,,,,,,,,,,,,,,,,,,,
1561608690000,,,,,,,,,,,,,,,,,,,,,,,,,,,,,,,,,
1561618920000,,,,,,,,,,,,,,,,,,,,,,,,,,,,,,,,,
1561629290000,,,,,,,,,,,,,,,,,,,,,,,,,,,,,,,,,
1561639300000,,,,,,,,,,,,,,,,,,,,,,,,,,,,,,,,,
1561649310000,,,,,,,,,,,,,,,,,,,,,,,,,,,,,,,,,
1561659320000,,,,,,,,,,,,,,,,,,,,,,,,,,,,,,,,,
1561669320000,,,,,,,,,,,,,,,,,,,,,,,,,,,,,,,,,
1561679320000,,,,,,,,,,,,,,,,,,,,,,,,,,,,,,,,,
1561689730000,,,,,,,,,,,,,,,,,,,,,,,,,,,,,,,,,
1561700280000,,,,,,,,,,,,,,,,,,,,,,,,,,,,,,,,,
1561710640000,,,,,,,,,,,,,,,,,,,,,,,,,,,,,,,,,
1561720720000,,,,,,,,,,,,,,,,,,,,,,,,,,,,,,,,,
1561730720000,,,,,,,,,,,,,,,,,,,,,,,,,,,,,,,,,
1561740720000,,,,,,,,,,,,,,,,,,,,,,,,,,,,,,,,,
1561750720000,,,,,,,,,,,,,,,,,,,,,,,,,,,,,,,,,
1561760720000,,,,,,,,,,,,,,,,,,,,,,,,,,,,,,,,,
1561770830000,,,,,,,,,,,,,,,,,,,,,,,,,,,,,,,,,
1561781140000,,,,,,,,,,,,,,,,,,,,,,,,,,,,,,,,,
1561791190000,,,,,,,,,,,,,,,,,,,,,,,,,,,,,,,,,
1561801250000,,,,,,,,,,,,,,,,,,,,,,,,,,,,,,,,,
1561811280000,,,,,,,,,,,,,,,,,,,,,,,,,,,,,,,,,
1561821290000,,,,,,,,,,,,,,,,,,,,,,,,,,,,,,,,,
1561831290000,,,,,,,,,,,,,,,,,,,,,,,,,,,,,,,,,
1561841290000,,,,,,,,,,,,,,,,,,,,,,,,,,,,,,,,,
1561851290000,,,,,,,,,,,,,,,,,,,,,,,,,,,,,,,,,
1561861340000,,,,,,,,,,,,,,,,,,,,,,,,,,,,,,,,,
1561871400000,,,,,,,,,,,,,,,,,,,,,,,,,,,,,,,,,
1561881560000,,,,,,,,,,,,,,,,,,,,,,,,,,,,,,,,,
1561891600000,,,,,,,,,,,,,,,,,,,,,,,,,,,,,,,,,
1561901630000,,,,,,,,,,,,,,,,,,,,,,,,,,,,,,,,,
1561911630000,,,,,,,,,,,,,,,,,,,,,,,,,,,,,,,,,
1561921630000,,,,,,,,,,,,,,,,,,,,,,,,,,,,,,,,,
1561931630000,,,,,,,,,,,,,,,,,,,,,,,,,,,,,,,,,
1561941630000,,,,,,,,,,,,,,,,,,,,,,,,,,,,,,,,,
1561952160000,,,,,,,,,,,,,,,,,,,,,,,,,,,,,,,,,
1561962410000,,,,,,,,,,,,,,,,,,,,,,,,,,,,,,,,,
1561972670000,,,,,,,,,,,,,,,,,,,,,,,,,,,,,,,,,
1561982690000,,,,,,,,,,,,,,,,,,,,,,,,,,,,,,,,,
1561992710000,,,,,,,,,,,,,,,,,,,,,,,,,,,,,,,,,
1562002710000,,,,,,,,,,,,,,,,,,,,,,,,,,,,,,,,,
1562012710000,,,,,,,,,,,,,,,,,,,,,,,,,,,,,,,,,
1562022710000,,,,,,,,,,,,,,,,,,,,,,,,,,,,,,,,,
1562032820000,,,,,,,,,,,,,,,,,,,,,,,,,,,,,,,,,
1562043200000,,,,,,,,,,,,,,,,,,,,,,,,,,,,,,,,,
1562053360000,,,,,,,,,,,,,,,,,,,,,,,,,,,,,,,,,
1562063610000,,,,,,,,,,,,,,,,,,,,,,,,,,,,,,,,,
1562073640000,,,,,,,,,,,,,,,,,,,,,,,,,,,,,,,,,
1562083640000,,,,,,,,,,,,,,,,,,,,,,,,,,,,,,,,,
1562093660000,,,,,,,,,,,,,,,,,,,,,,,,,,,,,,,,,
1562103660000,,,,,,,,,,,,,,,,,,,,,,,,,,,,,,,,,
1562113680000,,,,,,,,,,,,,,,,,,,,,,,,,,,,,,,,,
1562124020000,,,,,,,,,,,,,,,,,,,,,,,,,,,,,,,,,
1562134340000,,,,,,,,,,,,,,,,,,,,,,,,,,,,,,,,,
1562144670000,,,,,,,,,,,,,,,,,,,,,,,,,,,,,,,,,
1562154820000,,,,,,,,,,,,,,,,,,,,,,,,,,,,,,,,,
1562164830000,,,,,,,,,,,,,,,,,,,,,,,,,,,,,,,,,
1562174830000,,,,,,,,,,,,,,,,,,,,,,,,,,,,,,,,,
1562184830000,,,,,,,,,,,,,,,,,,,,,,,,,,,,,,,,,
1562194830000,,,,,,,,,,,,,,,,,,,,,,,,,,,,,,,,,
1562204940000,,,,,,,,,,,,,,,,,,,,,,,,,,,,,,,,,
1562215400000,,,,,,,,,,,,,,,,,,,,,,,,,,,,,,,,,
1562226060000,,,,,,,,,,,,,,,,,,,,,,,,,,,,,,,,,
1562236490000,,,,,,,,,,,,,,,,,,,,,,,,,,,,,,,,,
1562246710000,,,,,,,,,,,,,,,,,,,,,,,,,,,,,,,,,
1562256710000,,,,,,,,,,,,,,,,,,,,,,,,,,,,,,,,,
1562266710000,,,,,,,,,,,,,,,,,,,,,,,,,,,,,,,,,
1562276710000,,,,,,,,,,,,,,,,,,,,,,,,,,,,,,,,,
1562286770000,,,,,,,,,,,,,,,,,,,,,,,,,,,,,,,,,
1562297370000,,,,,,,,,,,,,,,,,,,,,,,,,,,,,,,,,
1562307560000,,,,,,,,,,,,,,,,,,,,,,,,,,,,,,,,,
1562317910000,,,,,,,,,,,,,,,,,,,,,,,,,,,,,,,,,
1562328170000,,,,,,,,,,,,,,,,,,,,,,,,,,,,,,,,,
1562338210000,,,,,,,,,,,,,,,,,,,,,,,,,,,,,,,,,
1562348210000,,,,,,,,,,,,,,,,,,,,,,,,,,,,,,,,,
1562358210000,,,,,,,,400000.00,,,,,,,,,497794.78,,,,,,,,,,,,,,,,
1562368210000,,,,,,,,50000.00,,,,,,,,,49605.99,,,,,,43744.04,,,,,,,,,,
1562378380000,,,,,,,,,,,,,,,,,,,,,,64600.00,,,,,,,,,,,
1562388440000,83319.06,,,,,,,,,,,,122085.14,,,,,,,,,,,,,,,161747.31,,,,,621.85
1562398460000,14039.65,,,,,,,,,,,,,,,,,,,,,,,,,,,,,,,,
1562408590000,,,,,,,,,,,,,,,,,,,,,,,,,,,,,,,,,
1562418600000,,,,,,,,,,,,,,,,,,,,,,,,,,,,,,,,,
1562428600000,,,,,,,,,,,,,,,,,,,,,,,,,,,,,,,,,
1562438600000,,,,,,,,,,,,,,,,,,,,,,,,,,,,,,,,,
1562448600000,,,,,,,,,,,,,,,,,,,,,,,,,,,,,,,,,
1562458620000,,,,,,,,,,,,,,,,,,,,,,,,,,,,,,,,,
1562468620000,,,,,,,,,,,,,,,,,,,,,,,,,,,,,,,,,
1562478620000,,,,,,,,,,,,,,,,,,,,,,,,,,,,,,,,,
1562488780000,,,,,,,,,,,,,,,,,,,,,,,,,,,,,,,,,
1562498820000,,,,,,,,,,,,,,,,,,,,,,,,,,,,,,,,,
1562508820000,,,,,,,,,,,,,,,,,,,,,,,,,,,,,,,,,
1562518820000,,,,,,,,,,,,,,,,,,,,,,,,,,,,,,,,,
1562528820000,,,,,,,,,,,,,,,,,,,,,,,9609.69,9916.80,,5798.05,,,,,,8008.21,
1562538820000,,,,,,,,,,,,,,,,,,,,,,,,,,,,,,,,,
1562549180000,,,,,,,,,,,,,,,,,,,,,,,,,,,,,,,,,
1562559510000,,,,,,,,,,,,,,,,,,,,,,,,,,,,,,,,,
1562569540000,,,,,,,,,,,,,,,,,,,,,,,,,,,,,,,,,
1562580180000,,,,,,,,,,,,,,,,,,,,,,,,,,,,,,,,,
1562590540000,,,,,,,,,,,,,,,,,,,,,,,,,,,,,,,,,
1562600540000,,,,,,,,,,,,,,,,,,,,,,,,,,,,,,,,,
1562611160000,,,,,,,,,,,,,,,,,,,,,,,,,,,,,,,,,
1562621170000,,,,,,,,,,,,,,,,,,,,,,,,,,,,,,,,,
1562631240000,,,,,,,,,,,,,,,,,,,,,,,,,,,,,,,,,
1562641750000,,,,,,,,,,,,,,,,,,,,,,,,,,,,,,,,,
1562651810000,,,,,,,,,,,,,,,,,,,,,,,,93.80,,,,,,,,,
1562662150000,,,,,,,,,,,,,,,,,,,,,,,,,,,,,,,,,
1562672540000,,,,,,,,,,,,,,,,,,,,,,,,,,,,,,,,,
1562682550000,,,,,,,,,,,,,,,,,,,,,,,,,,,,,,,,,
1562692560000,,,,,,,,,,,,,,,,,,,,,,,,,,,,,,,,,
1562702560000,,,15000.00,,,,,25000.00,,,,,,,,,,,,,,,13170.53,,,19610.80,,,,,,,
1562712560000,,,,,,,,,,,,,,,,,,,,,,,4062.03,,,,,,,,,,
1562722990000,,,,,,,,,,,,,,,,,,,16628.70,,,,,,,,,,,,,,
1562733240000,,,,,,,,,,,,,,,,,,,,,,,,,,,,,,,,,
1562743270000,,,,,,,,,,,,,,,,,,,,,,,,,,,,,,,,,
1562754000000,,,,,,,,,,,,,,,,,,,,,,,,,,,,,,,,,
1562764140000,,,,,,,,,,,,,,,,,,,,,,,,,,,,,,,,,
1562774140000,,,,,,,,,,,,,,,,,,,20059.11,,,,5000.00,,,,,,,,,,
1562784150000,,,,,,,,,,,,,,,,,,,,,,,,,,,,,,,,,
1562794160000,,,,,,,,,,,,,,,,,,,,,,42000.00,18812.53,,,,,,,,,,
1562804280000,,,,,,,,,,,,,,,,,,,,,,70000.00,39854.50,,,,,,,,,,
1562814800000,,,13000.00,,,,,,,,,,,,,,,,,,,,,,,,,,,,,,
1562824840000,,,,,,,,,,,,,,,,,32753.69,,,,15622.21,11000.00,,,,,,,,,,,
1562835270000,,,,,,,,,,,,,,,,,,,,,,,,,,,,,,,,,
1562845560000,,,,,,,,,,,,,,,,,,,,,1379.24,,,,,,,,,,,,
1562855560000,,,,,,,,,,,3284.72,,,,,,,,,,,,,,,,,,,,,,
1562865570000,,,,,,,,,1000.00,,,,,,,,,,,,,,,,,,,,,,,,
1562875580000,,,,,,,,,,,1593.24,,,,,,,,,,,,,,,,,,,,,,
1562885580000,,,,,,,,,,,4474.15,,,,,,,,,,,,,,,,,,,,,,
1562895940000,,,,,,,,,,,,,,,,,,,,,,,,,,,,,,,,,
1562906160000,,,,,,,,,,,,,,,,,,,,,,,,,,,,,,,,,
1562916220000,,,,,,,,,,,,,,,,,,,,,,,,,,,,,,,,,
1562926680000,,,,,,,,,,,,,,,,,,,,,,,,,,,,,,,,,
1562936730000,,,,,,,,,,,,,,,,,,,,,,,,,,,,,,,,,
1562946740000,,,,,,,,,40000.00,30.01,,,,,,,,,,,,,,,,27336.48,,,,,,,
1562956740000,,,,,,,,,5000.00,,6459.23,,,,,,,,,,,,3565.20,,,,,,,,,,
1562966740000,,,,,,,,,11500.00,,10202.67,,,,,,,,,,,,,,,3811.45,,,,,,,
1562976760000,,,,,,,,,7000.00,10191.46,,,,,,,,,,,,,3068.38,,,,,,,,,,
1562986830000,,,,,,,,,,,,,,,,,,,,,,,,,,,,,,,,,
1562996830000,,,,,,,,,,,,,,,,,,,,,,,,,,,,,,,,,
1563006920000,,,,,,,,,,,,,,,,,,,,,,,,,,,,,,,,,
1563016960000,,,,,,,,,,,,,,,,,,,,,,,,,,,,,,,,,
1563026960000,,,,,,,,,,,,,,,,,,,,,2923.78,,,,,,,,,,,,
1563036960000,,,,,,,,,,,,,,,,,,,,,,,,,,,,,,,,,
1563046960000,,,,,,,,,,,,,,,,,,,,,,,,,,,,,,,,,
1563056960000,,,,,,,,,,,,,,,,,,,,,,,,,,,,,,,,,2000.00
1563067010000,,,,,,,,,,,,,,,,,,,,,,,,,,,,,,,,,
1563077010000,,,,,,,,,,,,,,,,,,,,,,,,,,,,,,,,,
1563087010000,,,,,,,,,,,,,,1.60,,,,,,,,,,,,,,,,,,,
1563097060000,,,,,,,,,,,11423.85,,,12303.00,,,,,,,,,,,,,,,,,,,
1563107070000,,,,,,,,,,,,,,,,,,,,,,,,,,,,,,,,,
1563117070000,,,,,,,,,,,,,,,,,,,,,,,,,,,,,,,,,
1563127070000,,,,,,,,,,,,,,,,,,,,,,,,,,,,,,,,,
1563137070000,,,,,,,,,,,,,,,,,,,,,,,,,,,,,,,,,
1563147070000,,,,,,,,,,,,,,,,,,,,,,,,,,,,,,,,,
1563157250000,,,,,,,,,,,,,,,,,,,,,,,,,,,,,,,,,
1563167270000,,,,,,,,,,,,,,,,,,,,,,,,,,,,,,,,,
1563177270000,,,,,,,,,,,,,,,,,,,,,,,,,,,,,,,,,
1563187360000,,,,,,,,,,,,,,,,,,,,,,,,,,,,,,,,,
1563197360000,,,,,,,,,,,,,,,,,,,,,,,,,,,,,,,,,4.00
1563207360000,,,,,,,,,4000.00,,,,,,,,,,,,,,3105.29,,,,,,,,,,
1563217360000,,,,,,,,,,,,,,,,,,,,,,,,,,,,,,,,,
1563227360000,,,,,,,,,,,,,,,,,,,,,,,,,,,,,,,,,
1563237380000,,,,,,,,,,,,,,,,,,,,,,,,,,,,,,,,,
1563247540000,,,,,,,,,,,,,,,,,,,,,21294.29,,,,,,,,,,,,
1563257590000,,,,,,,,,,14500.00,,,,,,,,,,,,,,,,,,,,,,,
1563267650000,,,,,,,,,,,,,,,,,,,,,,,,,,,,,,,,,
1563277660000,,,,,,,,,,,,,,,,,,,,,,,,,,,,,,,,,
1563287690000,,,,,,,,,,,,,,,,,,,,,,,,,,,,,,,,,
1563297690000,,,,,,,,,,,,,,,,,,,,,,,,,,,,,,,,,
1563307690000,,,,,,,,,,,,,,,,,,,,,,,,,,,,,,,,,
1563317690000,,,,,,,,,,,,,,,,,,,,,,,,,,,,,,,,,10.00
1563327760000,,,,,,,,,,,,,,,,,,,,,,,,,,,,,,,,,
1563337810000,,,,,,,,,,,,,,,,,,,,,,,,,,,,,,,,,
1563347860000,,,,,,,,,,,2683.41,,,,,,,,,,,,,,,,,,,,,,
1563357900000,,,,,,,,,,,3471.24,,,,,,,,,,,,,,,,,,,,,,
1563367950000,,,,,,,,,,,,,,,,,,,,,,,,,,,,,,,,,
1563377990000,,,,,,,,,,,,,,,,,,,,,,,,,,,,,,,,,
1563387990000,,,,,,,,,,,6559.36,,,,,,,,,,,,,,,,,,,10000.00,,,
1563397990000,,,,,,,,,,,,,,,,,,,,,,,,,,,,,,,,,
1563408000000,,,,,,,,,,,,,,,9882.43,,,,,,,,2973.79,,,,,,,,,,
1563418140000,,,,,,,,,,,,,,,9863.49,,,,,,,,,20.59,,,,,,,,,
1563428150000,,,,,,,,,,,,,,,247.85,,,,,,,,,2664.91,,,,,,,,,
1563438150000,,,,,,,,,,,,,,,,,,,,950.00,,,9835.21,,,,,,,,,,1.00
1563448210000,,,,,,,,,,,,,,,,,2948.58,,,28494.00,,,20879.45,,,,3198.00,,,,,,
1563458220000,,,,,,,,,,,,92000.00,,,,96.00,12832.24,,,,,,76013.45,5233.88,,,,,,,,,
1563468220000,,,,,,,,,,49009.43,,60000.00,,,,,3851.84,,,,,,15918.71,96402.05,,106588.56,,,,,,,
1563478220000,,,,,,,,,,163347.93,80250.61,397425.06,,,,,102122.59,,,,,,160022.77,76670.99,,74545.37,,,,,,,
1563488220000,,,,,,,,,,40000.00,168591.16,178000.00,,,,,,,,,,,86775.39,42833.41,,12468.32,,,,,,,
1563498260000,,,,,,,,,,,,,,,,,,,,,,,,,,,,,,,,,
1563508350000,,,,,,,,,,,,5000.00,,,,,,,,,,,,1215.25,,,,,,,,,
1563518390000,,,,,,,,,,,3671.87,,,,,,,,,,,,9489.66,,,,6508.00,,,,,,
1563528450000,,,,,,,,,,,9726.70,,,,,,,,,,,,1975.46,14589.17,,,,,,,,,
1563538450000,,,,,,1000.00,,,,,,,,,,,0.42,,,,8186.22,,2003.05,2386.01,,,,,,,,,
1563548450000,,,,,,,,,,,,,,,,,,,,22.27,,,,,,,,,,,,,3435.00
1563558450000,,,,,,,,,,,7942.95,,,,,,,,,,,,,12693.68,,,,,,,,,
1563568450000,,,,,,,,,,,,,,,,,,,,,,,,,,,,,,,,,
1563578450000,,,,,,,,,5000.00,,1922.39,,,,,,,,,,8669.76,,4161.65,270.30,,,,,,,,,
1563588500000,,,,,,10000.00,,,,,,,,,,,,,,,,,,2454.45,,,,,,,,,
1563598500000,,,,,,2000.00,,,,,,,,,,,,,,,,,,,,3949.49,,,,,,,
1563608510000,,,,,,2000.00,,,,,,415.87,,,,,,,,,,,,7215.41,,11739.07,,,,,,,
1563618530000,,,,,,21100.00,,,,,5259.64,,,,,,,,,,9502.36,,7924.43,,,,,,,,,,
1563628530000,,,,,,14000.00,,,,10000.00,,,,,,,,,,,22062.22,,2629.81,,,,,,,,,,
1563638530000,,,,,,,,,,,9403.09,814.62,,,,,,,,,,,,9850.21,,,,,,,,,
1563648530000,,,,,,,,,,,8249.15,,,,,,,10359.66,,,,,,786.68,,,,,,,,,729.48
1563658530000,,,,,,,,,,,,,,,,,,22488.85,,,,,,4845.89,,31840.34,,,,,,,
1563668550000,,,,,,1000.00,,,,,,,,,,,,,,,4555.79,,,,724.00,,,,,,,,
1563678550000,,,,,,2000.00,,,,,,,,,,,,9379.49,,,,,4041.18,,,,,,,,,,
1563688550000,,,,,,,,,,,,,,,,,,,,,7404.71,,,2457.53,,,,,,,,,
1563698560000,,,,,,,,,,,,,,,,,,,,,,,,,,,,,,,,,
1563708560000,,,,,,,,,,,,,,,,,,5130.78,,5026.00,7763.57,,1861.74,2458.75,,,,,,,,,
1563718560000,,,,,,1000.00,,,,,13762.63,,,,,,,14293.07,,,2322.48,,,,,,,,,,,,
1563728560000,,,,,,,,,,,,,,,,,,21017.86,,,,,3937.67,,,9405.48,,,,,,,
1563738560000,,,,,,,,,,,6037.16,,,,,,,9927.76,,,,,,,,14722.30,,,,,,,
1563748560000,,,,,,,,,,,,,,,,,,,,,,,,,,,,,,,,,
1563758640000,,,,,,,,,,10613.01,312.13,,,,,,,7663.20,,,1050.40,,,,,,,,,,,,4896.76
1563768710000,,,,,,,,,,,,,,,,,,3928.10,,,,,,2460.33,,,,,,,,,
1563778720000,,,,,,,,,,,,,,,,,,,,,,,,2459.61,,7502.52,,,,,,,
1563788820000,,,,,,1000.00,,,,,,,,,,,,,,,2461.91,,,4653.87,,,,,,,,,
1563798820000,,,,,,,,,,,,,,,,,,,,,,,,,,,,,,,,,3695.68
1563808820000,,,,,,,,,,,,,,,,,,,,,,,,2232.66,,,,,,,,,
1563818820000,,,,,,,,,,10000.00,14853.94,,,,,,,7177.90,,,,,3012.22,6559.07,,13123.02,,,,,,,
1563828820000,,,,,,,,,,,,,,,,,,8861.54,,,,,,,,9663.20,,,,,,,
1563838820000,,,,,,,,,,,,,,,,,,,,,,,,,,,,,,,,,1000.00
1563849000000,,,,,,,,,,,,,,,,,,9943.10,,,,,,2091.09,,,,,,,,,
1563859010000,,,,,,,,,,,,,,,,,,,,,,,,,,,,,,,,,
1563869010000,,,,,,10000.00,,,,10480.01,16631.11,,,,,,,9856.99,,,,,,,,,,,,,,,
1563879070000,,,,,,,,,,,22083.70,,,,,,,24191.96,,,1331.08,,991.03,,,,,,,,,,
1563889070000,,,,,,,,,,,,,,,,,,,,,,,,,,,,,,,,,
1563899080000,,,,,,,,,,,10530.43,,,,,,,18701.88,,,,,4941.32,,,,,,,,,,
1563909090000,,,,,,,,,,,2074.18,,,,,,,,,,,,,,,,,,,,,,
1563919090000,,,,36572.45,,,,,,,16836.62,,,,,,,,,,,,13709.82,,,,,,,,,,
1563929150000,,,,20653.35,,,,,,,,,,,,,,,,,,,18769.81,,,,,,,,,,
1563939280000,,,,,,,,,,,,,,,,,,4916.67,,,,,,,,,,,,,,,
1563949290000,,,,,,,,,,,5278.93,,,,,,,,,,,,,,,,,,,,,,
1563959390000,,,,,,,,,,,10109.63,,,,,,,11005.29,,,,,686.14,,,,,,,,,,
1563969390000,,,,,,,,,,,29471.46,,,,,,,19917.56,,21515.00,5061.04,,6328.75,3711.99,,,,,,,,,
1563979410000,,,,,,,,,,,5357.18,,,,,,,4954.25,,2370.00,4159.14,,880.26,,,,,,,,,,
1563989410000,,,,,,,,,,,3182.31,,,,,,,2972.22,,,,,860.03,1831.54,,,,,,,,,
1563999410000,,,,,,,,,,,7197.56,,,,,,,4997.77,,30000.00,,,27094.87,,,,,,,,,,
1564009410000,,,,,,,,,,,,,,,,,,,,,,,,,,,,,,,,,
1564019600000,,,,,,,,,,5000.00,,,3701.29,,,,,4207.87,,10000.00,5714.07,,1044.50,,,,,,,,,,
1564029660000,,,,,,,,,,,6021.38,,,,,,,,,,,,,,,,,,,,,,
1564039670000,,,,,,,10000.00,,,,12364.03,,,,,,,,,,4353.67,,,,,,,,,,,,2000.00
1564049820000,,,,,,,,,,5901.02,,,,,,,,,,10000.00,,,,,,,,,,,,,
1564059880000,,,,,,,,,,,,,3494.05,,,,,,,,,,,,,,,,,,,,
1564069880000,,,,,,,,,,,3883.52,,,,,,,,,10000.00,,,2089.06,,,,,,,,,,
1564079890000,,,,,,,,,,5286.88,1864.30,,,,,,,3061.94,,,,,,,,,,,,,,,3500.00
1564089890000,,,,,,,10000.00,,,,16163.93,,,,,,,,,10000.00,,,3315.88,,,,,,,,,,
1564099910000,,,,,,,,,,,,,,,,11140.42,,,,,,,6000.00,,,,,,,,,,
1564110080000,,,,,,,,,,,,,,,,,,,,,,,,,,,,,,,,,
1564120090000,,,,,,,,,,,5775.66,,,,,,,,,10000.00,,,,,,,,,,,,,
1564130170000,,,,,,,10504.00,,,,9697.55,,,,,,,,,,,,2646.02,,,,,,,,,,
1564140190000,,,,,,,20000.00,,,5180.23,9092.64,,,,,,,,,,,,4511.79,,,,,,,,,,
1564150190000,,,,,,,10000.00,,,,7649.74,,,,,,,,,,,,,,,,,,,,,,
1564160190000,,,,,,,,,,,,,,,,,,,,,,,,,,,,,,,,,
1564170190000,,,,,,,,,,,2478.32,,,,,,,,,,,,,,,,,,,,,,
1564180190000,,,,,,,,,,,3510.99,,,,,,,,,,,,,2746.86,,,,,,,,,
1564190270000,,,,,,,,,,,,,,,,,,,,,,,,3706.49,,,,,,,,,
1564200280000,,,,,,,,,,,,,,,,,,,,,,,,,,,,,,,,,
1564210310000,,,,,,,15000.00,,,,15372.57,,,,,,,,,,,,,,,,,,,,,,
1564220320000,,,,,,,12827.00,,,5707.85,7561.64,,,,,,,,,,,,1048.31,,,,,,,,,,
1564230330000,,,,,,,,,,,,,,,,,,,,,,,,,,,,,,,,,
1564240330000,,,,,,,,,,,3633.07,,,,,,,3086.20,,,,,,,,,,,,,,,
1564250330000,,,,,,,,,,,,,,,,,,,,,,,,,,,,,,,,,
1564260330000,,,,,,,,,,,3577.43,,,,,,,3108.44,,,,,,,,,,,,,,,
1564270330000,,,,,,,,,,,,,,,,,,,,,,,,,,,,,,,,,
1564280370000,,,,,,,,,,,,,,,,,,,,,,,,,,,,,,,,,
1564290380000,,,,,,,,,,,3626.29,,,,,,,4084.60,,,,,,,,,,,,,,,
1564300390000,,,,,,,,,,,,,,,,,,,,,,,,,,,,,,,,,
1564310410000,,,,,,,,,,,,,,,,,,,,,,,,,,,,,,,,,
1564320420000,,,,,,,,,,,,,,,,,,,,,,,,,,,,,,,,,
1564330420000,,,,,,,3213.09,,,,3581.99,,,,,,,,,,,,,3672.83,,,,,,,,,
1564340420000,,,,,,,,,,,7184.17,,,,,,,,,,,,507.11,3680.29,,,,,,,,,
1564350420000,,,,,,,,,,,,,,,,,,,,,,,,,,,,,,,,,
1564360440000,,,,,,,,,,,,,,,,,,,,,,,,,,,,,,,4958.67,,
1564370660000,,,,,,,,,,,,,,,,,,,,,,,,,,,,,,,,,
1564380660000,,,,,,,,,,,,,,,,,,,,,,,,190.27,,,,,,,,,
1564390740000,,,,,,,,,,,,,,,,,,,,,,,,1943.03,,,,,,7000.00,3392.27,,
1564400750000,,,,,,,,,,,,,,,,,,,,,,,,,,,,,,,,,
1564410760000,,,,,,,,,,15000.00,,,,,,,,,,,,,13276.64,,,,,,,,3195.60,,
1564420760000,,,,,,,,,,5000.00,,,,,,,,,,,,,4870.55,3737.12,,,,,,,6321.40,,
1564430760000,,,,,,,,,5000.00,,4947.09,,,,,,,,,,,,,,,,,,,,,,
1564440760000,,,,,,,,,5000.00,,,,,,,,,,,,,,3349.86,,,,,,,,,,
1564451000000,,,,,,,,,,,,,,,,,,,,,,,,,,,,,,,,,
1564461050000,,,,,,,,,,,,,,,,,,,,,,,,,,,,,,,,,
1564471070000,,,,,,,,,,,3149.73,,,,,,,,,,,,,,,,,,,,,,
1564481170000,,,,,,,,,,5000.00,2966.81,,,,,,,,,,,,,,,,,,,3000.00,,,
1564491170000,,,,,,,20000.00,,,,,,,,,,,,,,,,7104.55,,,,,,,,7569.67,,
1564501170000,,,,,,,20000.00,,,10421.55,6981.26,,,,,,,,,,,,,,,,,,,,3984.30,,
1564511170000,,,,,,,25000.00,,,16150.00,7007.88,,,,,,,,,,,,1821.89,,,,,,,,,,
1564521170000,,,,,,,10000.00,,,5065.95,,,,,,,,,,,,,6864.27,,,,,,,,,,
1564531170000,,,,,,,10000.00,,,,,,,,,,,,,,,,5867.93,,,,,,,,,,
1564541380000,,,,,,,,,,,,,,,,,,,,,,,,,,,,,,,,,
1564551380000,,,,,,,,,,,,,,,,,,,,,,,,,,,,,,,,,
1564561460000,,,,,,,10000.00,,,5536.82,7195.05,,,,,,,,,,,,935.22,,,,,,,,,,
1564571500000,,,,,,,10000.00,,,5524.70,,,1881.36,,,,,,,,,,,932.44,,,,,,,,,
1564581510000,,,,,,,,,,,,,,,,,,,,,,,,,,,,,,,,,
1564591630000,,,,,,,,,,,1821.00,,,,,,,,,,,,,,,,,,,,,,
1564601630000,,,,,,,,,,,1763.50,,,,,,,,,,,,,,,,,,,,,,
1564611650000,,,,,,,,,,,,,,,,,,,,,,,,,,,,,,,,,
1564621740000,,,,,,,,,,,,,,,,,,,,,,,,,,,,,,,,,
1564631890000,,,,,,,9975.60,,,,,,,,,,,,,,,,,,,,,,,,,,
1564641890000,,,,,,,,,,,3988.16,,,,,,,,,,,,,,,,,,,,,,
1564652040000,,,,,,,,,,,,,,,,,,,,,,,1896.81,,,,,,,,,,50.00
1564662060000,,,,,,,,,,,,,,,,,,,,,,,,,,,,,,,,,
1564672060000,,,,,,,,,,,,,,,,,,,,,,,,,,,,,,,,,
1564682070000,,,,,,,10000.00,,,,,,,,,,,,,,,,5127.80,,,,,,,,,,1836.62
1564692070000,,,,,,,,,,,,,,,,,,,,,,,,,,,,,,,,,
1564702080000,,,,,,,,,5000.00,,1932.63,,,,,,,,,,,,3024.23,,,,,,,,,,
1564712320000,,,,,,,,,,,,,,,,,,,,,,,,,,,,,,,,,
1564722330000,,,,,,,,,,,,,,,,,,,,,,,,,,,,,,,,,
1564732380000,,,,,,,,,,,,,,,,,,,,,,,,,,,,,,,,,
1564742380000,,,,,,,,,,,,,,,,,,,,,,,,,,,,,,,,,
1564752380000,,,,,,,9900.00,,,,,,,,,,,,,,,,6569.76,,,,,,,,2041.22,,
1564762380000,,,,,,,,,,,,,,,,,,,,,,,,,,,,,,,,,
1564772380000,,,,,,,,,,,1973.25,,,,,,,,,,,,,,,,,,,,,,
1564782380000,,,,,,,,,,,,,,,,,,,,,,,,,,,,,,,,,1908.63
1564792380000,,,,,,,,,,,,,,,,,,,,,,,,,,,,,,,,,
1564802430000,,,,,,,,,,,,,,,,,,,,,,,,,,,,,,,,,
1564812430000,,,,,,,,,,,,,,,,,,,,,,,,,,,,,,,,,
1564822470000,,,,,,,,,,,,,,,,,,,,,,,,,,,,,,,,,
1564832480000,,,,,,,,,,,,,,,,,,,,,,,,,,,,,,,,,
1564842480000,,,,,,,,,,,,,,,,,,,,,,,,,,,,,,,,,
1564852480000,,,,,,,,,,,,,,,,,,,,,,,,,,,,,,,,,
1564862480000,,,,,,,,,,,,,,,,,,,,,,,,,,,,,,,,,
1564872500000,,,,,,,,,,,,,,,,,,,,,,,,,,,,,,,,,
1564882530000,,,,,,,,,,,,,,,,,,,,,,,,,,,,,,,,,
1564892530000,,,,,,,,,,,,,,,,,,,,,,,,549.60,,,,,,,,,
1564902530000,,,,,,,,,,,,,,,,,,,,,,,,,,,,,,,,,
1564912550000,,,,,,,,,,,,,,,,,,,,,,,,,,,,,,,,,
1564922560000,,,,,,,,,,,,,,,,,,,,,,,,,,,2160.00,,,,,,
1564932560000,,,,,,,,,,,,,,,,,,,,,,,,,,,,,3728.81,,,,
1564942560000,,30000.00,,,,,,,,,,,,,,,,,,,,,,4343.10,,,,,,,,,
1564952570000,,,,,,,,,,19398.34,14496.40,,10652.96,,,,,,,,,,,11933.14,,,,,,,,,
1564962570000,,,,,,,,,,,,,,,,,,,,,,,,,,,,,,,,,
1564972710000,,,,,,,,,,,,,,,,,,,,,,,,,,,,,,,,,
1564982710000,,,,,,,,,,,,,,,,,,,,,,,,,,,,,,,,,
1564992890000,,,,,,,,,,,,,,,,,,,,,,,,,,,,,,,,,
1565002990000,,,,,,,,,,,,,,,,,,,,,,,,,,,,,,,,,
1565013030000,,,,,,,,,,,,,,,,,,,,,,,,,,,,,,,,,
1565023030000,,,,,,,,,,,,,,,,,,,,,,,,,,,,,,,,,
1565033030000,,,,,10000.00,,,,4900.00,,,,,,,,,,,,,,6690.59,,,,,,,,2235.84,,
1565043030000,,,,,,,,,,,2111.12,,,,,,,,,,,,,,,,,,,,,,
1565053050000,,,,,,,,,,,,,,,,,,,,,,,,,,,,,,,,,
1565063270000,,,,,,,,,,,,,,,,,,,,,,,,,,,,,,,,,
1565073280000,,,,,,,,,,,,,,,,,,,,,,,,,,,,,,,,,
1565083390000,,,,,,,,,,,,,,,,,,,,,,,,,,,,,,,,,
1565093410000,,,,,,,,,,,,,,,,,,,,,,,,,,,,,,,,,
1565103410000,,,,,,,,,,,,,,,,,,,,,,,,,,,,,1996.57,,,,
1565113410000,,,,,,,,,,,,,,,,,,,,,,,2942.99,,,,4400.00,,,,,,
1565123410000,,,,,,,,,,,,,,,,,,,,,,,,,,,,,,,,,
1565133420000,,,,,,,,,,,,,,,,,,,,,,,,,,,,,,,,,
1565143750000,,,,,,,,,,,,,,,,,,,,,,,,,,,,,,,,,
1565153800000,,,,,,,,,,,,,,,,,,,,,,,,,,,,,,,,,
1565163850000,,,,,,,,,,,,,,,,,,,,,,,,,,,,,,,,,19.38
1565173980000,,,,,,,,,,,,,,,,,,,,,,,996.99,,,,,,,,,,
1565183990000,,,,,,,,,,,,,,,,,,,,,,,,,,,,,,,,,1161.08
1565194000000,,,,,,,,,,,,,,,,,,,,,,,,,,,,,,,,,
1565204000000,,,,,,,,,,,,,,,,,,,,,,,,,,,,,,,,,
1565214000000,,,,,,,,,,,,,,,,,,,,,,,,,,,,,,,,,
1565224020000,,,,,,,,,,,,,,,,,,,,,,,,,,,,,,,,,
1565234210000,,,,,,,,,,,,,,,,,,,,,,,,,,,,,,,,,
1565244210000,,,,,,,,,,,,,,,,,,,,,,,,,,,,,,,,,
1565254400000,,,,,,,,,,,,,2.00,,,,,,,,,,189.89,,,,,,,,,,
1565264420000,,,,,,,,,,,,,,,,,,,,,,,,,,,,,,,,,
1565274420000,,,,,,,,,,,,,,,,,,,,,,,,,,,,,,,,,
1565284420000,,,,,,,,,,,,,,,,,,,,,,,,,,,,,,,,,
1565294420000,,,,,,,,,,,,,,,,,,,,,,,,,,,,,,,,,
1565304420000,,,,,,,,,,,,,,,,,,,,,,,,,,,,,,,,,
1565314610000,,,,,,,,,,,,,,,,,,,,,,,,,,,,,,,,,1.00
1565324650000,,,,,,,,,,,,,,,,,,,,,,,,,,,,,,,,,
1565334720000,,,,,,,,,,,,,,,,,,,,,,,,,,,,,,,,,
1565344840000,,,,,,,,,,,,,,,,,,,,,,,,,,,,,,,,,
1565354840000,,,,,,,,,,,,,,,,,,,,,,,,,,,,,,,,,
1565364840000,,,,,,,,,,,,,,,,,,,,,,,794.09,2098.55,,,,,,,,,
1565374840000,,,,,,,,,,,,,,,,,,,,,,,,,,,,,,,,,
1565384840000,,,,,,,,,,,,,,,,,,,,,,,,,,,,,,,,,
1565394840000,,,,,,,,,,,,,,,,,,,,,,,,,,,,,,,,,
1565404950000,,,,,,,,,,,,,,,,,,,,,,,,,,,,,3010.95,,,,
1565414970000,,,,,,,,,,,,,,,,,,,,,,,,,,,,,,,,,
1565425030000,,,,,,,,,,,,,,,,,,,,,,,,,,,,,,,,,
1565435040000,,,,,,,,,,,,,,,,,,,,,,,,,,,,,,,,,
1565445040000,,,,,,,,,,,,,,,,,,,,,,,,351.25,,,,,,,,,
1565455050000,,,,,,,,,,,,,,,,,,,,,,,,,,,,,,,,,
1565465060000,,,,,,,,,,,,,,,,,,,,,,,,,,,,,,,,,
1565475060000,,,,,,,,,,,,,,,,,,,,,,,,,,,,,,,,,
1565485100000,,,,,,,,,,,,,,,,,,,,,,,,,,,,,,,,,
1565495100000,,,,,,,,,,,,,,,,,,,,,,,,,,,,,,,,,
1565505100000,,,,,,,,,,,,,,,,,,,,,,,,,,,,,,,,,
1565515110000,,,,,,,,,,,,,,,,,,,,,,,,,,,,,,,,,
1565525110000,,,,,,,,,,,,,,,,,,,,,,,,,,,,,,,,,
1565535110000,,,,,,,,,,,,,,,,,,,,,,,,,,,,,,,,,
1565545110000,,,,,,,,,,,,,,,,,,,,,,,,,,,,,,,,,
1565555110000,,,,,,,,,,,,,3000.00,,,,,,,,,,,,,,,,3461.50,,,,
1565565110000,,,,,,,,,,,,,,,,,,,,,,,,,,,,,,,,,
1565575330000,,,,,,,,,,,,,,,,,,,,,,,,,,,,,,,,,
1565585370000,,,,,,,,,,,,,,,,,,,,,,,,,,,,,,,,,
1565595420000,,,,,,,,,,,,,,,,,,,,,,,,,,,,,,,,,
1565605620000,,,,,,,,,,,,,,,,,,,,,,,,,,,,,,,,,
1565615650000,,,,,,,,,,,,,,,,,,,,,,,,,,,,,,,,,
1565625650000,,,,,,,,,,,,,,,,,,,,,,,,,,,,,,,,,
1565635650000,,,,,,,,,,,,,,,,,,,,,,,,,,,,,,,,,
1565645660000,,,,,,,,,,,,,,,,,,,,,,,,,,,,,,,,,
1565655690000,,,,,,,,,,,,,,,,,,,,,,,,,,,,,,,,,
1565665920000,,,,,,,,,,,,,,,,,,,,,,,,,,,,,,,,,
1565675940000,,,,,,,,,,,,,,,,,,,,,,,,,,,,,,,,,
1565686180000,,,,,,,,,,,,,,,,,,,,,,,,,,,,,,,,,
1565696210000,,,,,,,,,,,,,,,,,,,,,,,,,,,,,,,,,
1565706270000,,,,,,,,,,,,,,,,,,,,,,,,,,,,,,,,,
1565716270000,,,,,,,,,,,,,,,,,,,,,,,,,,,,,,,,,
1565726270000,,,,,,,,,,,,,,,,,,,,,,,3095.76,9180.03,,,,,,,2065.09,,
1565736270000,,,,,,,,,,,,,,,,,,,,,,,1185.33,,,,,,5394.21,,,,
1565746550000,,,,,,,,,,,,,,,,,,,,,,,,,,,,,,,,,
1565756590000,,,,,,,,,,,,,,,,,,,,,,,,,,,,,,,,,
1565766640000,,,,,,,,,,,,,,,,,,,,,,,,,,,,,,,,,
1565776800000,,,,,,,,,,,,,,,,,,,,,,,,,,,,,,,,,
1565786810000,,,,,,1000.00,,,,,,,,,,,,,,,,,,,,,,,,,,,
1565796810000,,,,,,,,,,,,,,,,,,,,,,,,,,,,,,,,,
1565806810000,,,,,,,10000.00,,,,4260.94,,,,,,,,,,,,,,,,,,,,,,
1565816820000,,,,,,,,,,,,,,,,,,,,,,,,,,,,,1188.11,,,,
1565826840000,,,,,,,,,,,,,,,,,,,,,,,,,,,,,,,,,
1565837130000,,,,,,,,,,,,,,,,,,,,,,,,,,,,,,,,,
1565847140000,,,,,,,,,,,,,,,,,,,,,,,,,,,,,,,,,
1565857280000,,,,,,,10000.00,,,,2126.68,,,,,,,,,,,,,,,,,,,,5638.50,,
1565867380000,,,,,,,,,,,,,,,,,,,,,,,,,,,,,,,,,
1565877400000,,,,,,,,,,,,,,,,,,,,,,,,,,,,,,,,,
1565887400000,,,,,,,,,,,,,,,,,,,,,,,,,,,,,,,,,
1565897400000,,,,,,,,,,,2123.00,,,,,,,,,,,,,,,,,,7443.92,,,,
1565907420000,,,,,,,,,,,,,,,,,,,,,,,,,,,,,,,,,
1565917510000,,,,,,,,,,,,,,,,,,,,,,,,,,,,,,,,,
1565927770000,,,,,,,,,,,,,,,,,,,,,,,,,,,,,,,,,
1565937790000,,,,,,,,,,,,,,,,,,,,,,,,,,,,,,,,,
1565947980000,,,,,,,,,,,,,,,,,,,,,,,,,,,,,,,,,
1565958030000,,,,,,,,,,,,,,,,,,,,,,,,,,,,,,,,,
1565968030000,,,,,,,,,,,,,,,,,,,,,,,,,,,,,,,,,
1565978030000,,,,,,,,,,,,,,,,,,,,,,,,,,,,,,,,,
1565988030000,,,,,,,,,,,2123.00,,,,,,,,,,,,,,,,,,,,,,
1565998030000,,,,,,,,,,,,,,,,,,,,,,,,,,,,,,,,,
1566008110000,,,,,,,,,,,,,,,,,,,,,,,,,,,,,,,,,
1566018110000,,,,,,,,,,,,,,,,,,,,,,,,,,,,,,,,,
1566028130000,,,,,,,,,,,,,,,,,,,,,,,,,,,,,,,,,
1566038150000,,,,,,,,,,,1922.10,,,,,,,,,,,,,1547.36,,,,,,,,,
1566048160000,,,,,,,,,,,,,,,,,,,,,,,,,,,,,,,,,
1566058160000,,,,,,,,,,,,,,,,,,,,,,,,382.69,,,,,,,,,
1566068160000,,,,,,,,,,,,,,,,,,,,,,,,,,,,,,,,,
1566078160000,,,,,,,,,,,,,,,,,,,,,,,,,,,,,,,,,
1566088250000,,,,,,,,,,,,,,,,,,,,,,,,,,,,,,,,,
1566098270000,,,,,,,,,,,,,,,,,,,,,,,,,,,,,,,,,
1566108270000,,,,,,,,,,,,,,,,,,,,,,,,,,,,,6840.46,,,,
1566118360000,,,,,,,,,,,2038.00,,,,,,,,,,,,,,,,,,,,,,
1566128380000,,,,,,,,,,,,,,,,,,,,,,,1000.00,,,,,,,,,,
1566138380000,,,,,,,,,,,,,,,,,,,,,,,1291.85,16504.98,10000.00,,,,,,3300.19,,
1566148380000,,,,,,,,,,,11437.77,,,,,,,,,,,,,,,,,,,,10295.15,,
1566158380000,,,,,,,,,,,,,,,,,,,,,,,,,,,,,,,,,
1566168390000,,,,,,,,,,,,,,,,,,,,,,,,,,,,,,,,,
1566178620000,,,,,,,,,,,,,,,,,,,,,,,8092.00,,,,,,8319.95,,,,
1566188640000,,,,,,,,,,,,,,,,,,,,,,,,,,,,,,,,,
1566198700000,,,,,,,,,,,,,,,,,,,,,,,,,,,,,,,,,
1566208900000,,,,,,,,,,,1950.00,,,,,,,,,,,,1896.86,,,,,,,,,,
1566219050000,,,,,,,,,,,,,,,,,,,,,,,,,,,,,,,,,
1566229050000,,,,,,,,,,,,,,,,,,,,,,,,,,,,,,,,,
1566239070000,,,,,,,,,,,,,,,,,,,,,,,,,,,,,,,,,1109.24
1566249080000,,,,,,,,,,,,,,,,,,,,,,,,,,,,,,,,,
1566259080000,,,,,,,,,,,,,,,,,,,,,,,,,,,,,,,,,
1566269250000,,,,,,,,,,,,,,,,,,,,,,,,,,,,,,,,,
1566279250000,,,,,,,,,,,,,,,,,,,,,,,,,,,,,,,,,
1566289360000,,,,,,,,,,,,,,,,,,,,,,,,,,,,,,,,,
1566299440000,,,,,,,,,,,,,,,,,,,,,,,,,,,,,,,,,
1566309450000,,,,,,,,,,,,,,,,,,,,,,,,,,,,,,,,,
